"","0.Unannotated","1.Unannotated","2.Unannotated","3.Unannotated","4.Unannotated","5.Unannotated","6.Unannotated","7.Unannotated","8.G-KC","9.Unannotated","10.Astrocyte-like","11.TmY14","12.Pm1/Pm2","13.Unannotated","14.Ensheathing glia","15.Unannotated","16.Unannotated","17.Mip","18.Tm9","19.Unannotated","20.L1/L2/L3/L4/L5","21.Unannotated","22.a/b-KC","23.Unannotated","24.T4/T5","25.Unannotated","26.Mi1","27.OPN: adPN and lPN","28.a'/b'-KC","29.Unannotated","30.Unannotated","31.T2/T3","32.Unannotated","33.Unannotated","34.Unannotated","35.Ensheathing Glia","36.Clock neurons","37.T1","38.Serotonergic","39.Dm8/Tm5c","40.Unannotated","41.Tm5ab","42.Dopaminergic","43.Hemocytes","44.Unannotated","45.Tm1/TmY8","46.Peptidergic","47.Unannotated","48.Pm1/Pm2/Pm3","49.Unannotated","50.Unannotated","51.Mt1","52.Unannotated","53.Photoreceptors","54.Unannotated","55.Unannotated","56.Unannotated","57.MBON","58.Lawf1","59.Unannotated","60.Cortex Glia","61.dFB","62.Unannotated","63.Unannotated","64.Octopaminergic-Tyraminergic","65.C2/C3","66.Subperineurial Glia","67.Unannotated","68.Unannotated","69.Unannotated","70.Perineurial glia","71.Unannotated","72.Lawf2","73.Pm3","74.Unannotated","75.Unannotated","76.Unannotated","77.Unannotated","78.Unannotated","79.Unannotated","80.Poxn","81.Unannotated","82.Chiasm Glia","83.Unannotated","84.Unannotated","85.Subperineurial Glia","86.DN1"
"","FET pValue","FET pValue","FET pValue","FET pValue","FET pValue","FET pValue","FET pValue","FET pValue","FET pValue","FET pValue","FET pValue","FET pValue","FET pValue","FET pValue","FET pValue","FET pValue","FET pValue","FET pValue","FET pValue","FET pValue","FET pValue","FET pValue","FET pValue","FET pValue","FET pValue","FET pValue","FET pValue","FET pValue","FET pValue","FET pValue","FET pValue","FET pValue","FET pValue","FET pValue","FET pValue","FET pValue","FET pValue","FET pValue","FET pValue","FET pValue","FET pValue","FET pValue","FET pValue","FET pValue","FET pValue","FET pValue","FET pValue","FET pValue","FET pValue","FET pValue","FET pValue","FET pValue","FET pValue","FET pValue","FET pValue","FET pValue","FET pValue","FET pValue","FET pValue","FET pValue","FET pValue","FET pValue","FET pValue","FET pValue","FET pValue","FET pValue","FET pValue","FET pValue","FET pValue","FET pValue","FET pValue","FET pValue","FET pValue","FET pValue","FET pValue","FET pValue","FET pValue","FET pValue","FET pValue","FET pValue","FET pValue","FET pValue","FET pValue","FET pValue","FET pValue","FET pValue","FET pValue"
"Astrocytes","0.0950566951436422","0.265735483157483","0.000433983330602665","0.00571760307385337","0.000513517703841209","0.0125115714902283","0.0751063558561524","0.00116901046783803","2.77203628111378e-06","0.102450184980504","1.4796107404633e-15","0.0380612832796946","1.68048332620868e-07","0.00230389587918638","1.208069166526e-26","0.0219545471003376","0.278547642860624","5.44980183430839e-05","0.000194357385810066","0.0474722798445829","4.80102281371663e-05","1.34516602104005e-05","1.22967836439747e-06","2.53102552526733e-05","8.26226903185033e-06","1","6.159803166536e-10","2.63350218285555e-06","4.713062168916e-05","0.0150627295243447","5.02813593561785e-05","1.99086901054079e-05","0.000276674049744222","1.95746918717586e-07","3.75685224425206e-06","1.44181760030594e-25","5.74477233143626e-05","4.38013200320333e-12","0.549231661539948","6.09937494327423e-11","0.000288689061144265","0.00247838236836969","0.0032800998686589","2.37743357913106e-20","0.114763024150397","2.05667160448847e-07","0.00348476512639044","0.00275898225768441","1.08853134594321e-06","0.0912554222110556","0.22997984569405","6.01879878000109e-05","0.000106208408738347","0.00255751455705267","0.000715253657500673","1.71585581910228e-07","0.00174666885104584","1","2.00044315597201e-07","1","1.14571419420387e-29","8.8013145088882e-09","0.00537752041901002","0.00266287088050072","3.7506017314243e-06","1.10811130013294e-09","3.8619591627152e-18","0.000475717350051516","0.0279521336763934","7.50796824303168e-09","7.55292834569679e-24","1","4.04567752965965e-05","4.83910299728263e-08","2.98598825631937e-18","0.00026814395860493","9.89195771207426e-07","5.57682972268971e-07","1.40027568764508e-12","3.71248895823388e-09","3.45463376425777e-09","8.41298015974072e-18","1.44524859907089e-10","1","9.73963444150839e-07","0.00519901554786235","7.86627142789534e-12"
"Microglia","1","0.295247033410745","0.000902283188148345","0.00803923855422886","0.000897821037653411","0.00349962711009162","0.0997633855834763","0.0020155980524389","8.62432465874532e-09","0.461722718217034","7.35106412474249e-15","0.172332417629217","2.44560620729615e-05","0.001067308065084","4.85313419539264e-19","3.25473943941321e-06","0.0011661697087749","0.000719491719559884","0.00931449889153287","0.0684504396381649","0.0530968004929724","0.000210802332048725","9.04019419169632e-11","0.00459808790491268","5.57190834114482e-06","1","5.1699078609411e-05","1.09446583060059e-05","3.04896895929419e-09","0.116835366032209","0.000897821037653411","5.69657047307627e-05","0.000729620677139016","0.0487602787203007","0.00745490926356355","2.19723182131792e-21","5.74449680833722e-06","2.04028213365389e-07","0.22538015604924","1.99412939977413e-08","0.000126030097397468","0.000243953699191393","0.00640436994914578","6.37012990308502e-43","0.00224675900718295","1.08157014476537e-06","1.14477557590381e-08","0.000281319676996927","1.23804290927391e-07","0.127440974224894","0.00300847228901422","0.000167033095541722","0.0190740990914904","5.21578857420903e-09","0.0263515303004149","1.49216777032734e-07","8.48187621022311e-06","1","5.67436090909239e-08","1","1.71021814777042e-30","3.15784440427342e-07","0.00895340574484378","0.0190740990914904","8.41266173587113e-11","4.81566857589524e-08","8.74246879588576e-26","0.0148960907118376","0.729579502015304","3.59598900330741e-08","5.27352578849926e-33","1","0.000151869497852543","3.92006417970494e-08","4.39298412682852e-11","0.00544029293534236","3.59351665939196e-06","5.48516273464631e-05","3.03620048569051e-12","4.50751879725393e-12","1.4631129925967e-07","3.00404921952304e-12","7.47122875489416e-15","0.0261803132538323","5.25041383986899e-06","2.50610288313985e-13","1.19739824194039e-22"
"Neuron","0.00182886335286742","1.22843237171751e-05","1.15711808239311e-09","3.02277141895578e-05","0.00442846205641683","0.012872545828998","5.37083992214932e-08","0.0083516655613453","1.87000086276545e-27","1.67905277894163e-05","6.31702213815837e-06","6.04759482810893e-07","2.9564469822246e-09","3.99199160325771e-12","9.86431254342536e-07","1.19850425418317e-05","7.70513585825292e-09","1.95334163720386e-09","3.24677344778333e-14","1.28092623849109e-08","4.00295551402017e-14","3.96633779709837e-09","4.71124869730607e-21","3.68233728124202e-09","9.00132650399188e-06","1","8.24561104027647e-18","1.48205355313198e-08","9.75253283381824e-18","0.0964226350975448","0.143411743073176","7.78743679068044e-10","0.119556948336539","1.43883979877971e-14","1","1.2610136312093e-07","1.74749134020297e-06","1.90155446088439e-10","0.000145284094090139","3.90227476718489e-14","1.40496849223433e-11","3.54555567475317e-07","3.69765227979569e-17","0.000520152574839203","3.20378562080461e-07","1.69040446276908e-23","0.0340198848539273","5.91394549376836e-13","4.58221270907116e-10","1.74266356131007e-11","0.0278687959809518","6.11978023591781e-12","6.52548026775565e-11","7.53719813442922e-05","0.0169667834458548","1.25943821522473e-15","0.0732225064181036","0.0407405004898983","3.69719030408298e-11","1","9.92664344922784e-09","8.04180831897912e-16","0.00557086207134036","6.51891142685455e-10","2.32287975812806e-08","1.73042392049482e-10","1.33555816523562e-06","7.82539266965612e-08","1","0.000137141528729613","3.78908383917848e-06","1","7.6290525432544e-11","7.70452847773159e-09","9.11677611548044e-23","0.000276936954138182","0.00461024047479887","9.19316891652749e-14","5.11501534007371e-20","0.000753939996735779","1.76290673301066e-20","0.000342695972622958","2.46471404666851e-06","1","2.34158372688954e-23","0.00176815826779928","9.83730410871314e-12"
"Oligodendrocytes","1","0.198895410228501","0.000448720878407818","0.000131776952588395","0.0819252479072788","0.0268908250824196","6.76613745809797e-06","0.435638629365778","1.70841057063989e-16","0.324667096182689","7.47078775632608e-09","0.00219887559803571","0.000127380828206103","7.50953534917623e-07","1.34215135745986e-12","0.000118180711007663","0.000104311570870634","4.28938699395796e-07","2.17444217997521e-06","0.000448720878407818","1.06674607602593e-05","6.13600071274188e-06","2.07627597531864e-10","3.48863490516407e-05","0.0342492319708604","1","3.11553302622218e-08","0.00169948928829969","1.99217634031015e-13","0.313028982640791","0.379982242652074","6.52328913549321e-05","0.0385551823347719","0.000274734068227402","0.0817258747974774","7.53052392416378e-14","3.28211354992555e-06","1.45669452560458e-14","0.0193587792827331","2.82478850418321e-07","3.62818515442544e-08","7.1933763679988e-06","1.49545892387438e-07","8.34280078027552e-13","0.0016328574740099","7.34285050307906e-07","4.11631245242638e-08","8.40304936182918e-06","2.37538903192977e-08","3.71325809250937e-09","0.0147994685600323","1.79654635275969e-14","0.00225047773317958","6.47288228527264e-07","0.00429544484557122","2.24251468589348e-10","0.0753275604465102","1","1.55678406282375e-10","1","3.4201485344293e-17","3.9681893107248e-15","0.00876456704436346","5.96618668040076e-05","9.22146587832527e-09","4.66038377743576e-11","6.59399924249587e-07","0.000240320047095569","0.199171176439802","9.78267113677935e-06","3.39723041554323e-09","1","2.32543606021329e-08","0.000101763809590316","1.89988639460605e-12","0.20570389278678","1.66232581012823e-05","5.49499345570271e-08","4.73441560792875e-10","6.37743310621084e-06","1.08530898396135e-16","0.000264679849879214","1.53945543147091e-08","1","2.6171502697059e-17","2.12198929292795e-05","2.16876818313886e-09"
"Endothelia","1","1","0.02406980438985","0.0031115329091216","1","0.0357183289415991","0.00116621821997093","0.0258787023802671","6.91615842722549e-05","1","4.67080660718848e-08","0.0818267323938263","0.00143837219085947","0.00010884699796235","1.10389786129839e-13","0.0106622335912236","0.203525577433409","0.0485751542244106","0.0091138972303653","0.02406980438985","5.46319708706914e-06","0.0570881896811927","8.18382551835431e-06","0.00745470242042272","5.7591267654505e-06","1","2.47543790186928e-08","3.89355475476109e-05","2.4172589339732e-08","0.0653990257758758","0.0990088773752089","0.000823979060555372","0.0180135558969821","1.73972142674527e-07","0.0909884282956116","8.30828067981313e-12","1.80925407784289e-08","7.41992147052637e-11","1","3.0056333035652e-11","0.000420288274300942","0.0162870702748045","0.0700122437502441","1.47272022516211e-25","0.615629498140088","1.41810001487703e-05","5.00936415131656e-12","0.000136048902203399","4.57883471291081e-06","0.0121797726241263","0.189365494265637","9.29654039016214e-06","0.000764811754373258","0.0984024820243496","0.00124539836320328","0.192695647599058","0.00209801016094584","1","0.000135688646179907","1","4.68020736479534e-19","1.46353320912059e-08","0.000291584334250524","0.0171215612151525","7.54199414174401e-10","0.000662230055405894","1.05467719025923e-24","0.0365106482824889","0.234894838017947","3.28718275351679e-06","3.29974667775016e-23","1","7.80005588976855e-05","2.5550046602153e-09","4.61726130157639e-09","0.227160371819349","5.92768447256765e-06","0.0392819296670376","1.75889693124512e-05","3.85835561708237e-09","9.95609391938386e-08","1.67562538528352e-16","1.36372289533644e-12","0.16581189245187","1.52864946357529e-10","4.90005411507519e-07","1.40736386087148e-30"
"","FDR corrected","FDR corrected","FDR corrected","FDR corrected","FDR corrected","FDR corrected","FDR corrected","FDR corrected","FDR corrected","FDR corrected","FDR corrected","FDR corrected","FDR corrected","FDR corrected","FDR corrected","FDR corrected","FDR corrected","FDR corrected","FDR corrected","FDR corrected","FDR corrected","FDR corrected","FDR corrected","FDR corrected","FDR corrected","FDR corrected","FDR corrected","FDR corrected","FDR corrected","FDR corrected","FDR corrected","FDR corrected","FDR corrected","FDR corrected","FDR corrected","FDR corrected","FDR corrected","FDR corrected","FDR corrected","FDR corrected","FDR corrected","FDR corrected","FDR corrected","FDR corrected","FDR corrected","FDR corrected","FDR corrected","FDR corrected","FDR corrected","FDR corrected","FDR corrected","FDR corrected","FDR corrected","FDR corrected","FDR corrected","FDR corrected","FDR corrected","FDR corrected","FDR corrected","FDR corrected","FDR corrected","FDR corrected","FDR corrected","FDR corrected","FDR corrected","FDR corrected","FDR corrected","FDR corrected","FDR corrected","FDR corrected","FDR corrected","FDR corrected","FDR corrected","FDR corrected","FDR corrected","FDR corrected","FDR corrected","FDR corrected","FDR corrected","FDR corrected","FDR corrected","FDR corrected","FDR corrected","FDR corrected","FDR corrected","FDR corrected","FDR corrected"
"Astrocytes","0.111454615599688","0.293388160338846","0.000715086169743028","0.00792088323925547","0.00083350821332435","0.0166948883381881","0.0897562219709514","0.00179688888165916","6.77435832744098e-06","0.118526144857764","1.69376492658299e-14","0.0471699664577412","4.93925842500523e-07","0.00338579293056106","7.50728696341159e-25","0.0282551123924463","0.306754999099675","0.000104896628226732","0.000338181851309516","0.0581702584011087","9.36522387429028e-05","2.79974746005943e-05","3.10994237507499e-06","5.07371476263266e-05","1.80607388384668e-05","1","2.97723819715907e-09","6.47216638159415e-06","9.23505424990297e-05","0.0198554161911817","9.76446041068646e-05","4.04685990460395e-05","0.00046692858546554","5.63906686371854e-07","8.88168872961764e-06","6.40633297945516e-24","0.00010912558795523","3.07315713127975e-11","0.594317842711137","3.53763746709905e-10","0.000482999006145213","0.00362995397387479","0.00470905426688654","4.92468384248578e-19","0.132418874019688","5.80942953215899e-07","0.00498642378282842","0.00400052427364239","2.76907096775026e-06","0.107286780167052","0.255207226726816","0.000113341015987033","0.000194120410929332","0.00373328467220776","0.0011481008893461","5.00937772690933e-07","0.00263819774376715","1","5.7249524529462e-07","1","9.9677134895737e-28","3.32919287944901e-08","0.00752161216163781","0.00387407636460808","8.88168872961764e-06","5.12796186763649e-09","6.46135475300428e-17","0.000775045120870447","0.0351421333792808","2.94231187902593e-08","2.73793652531509e-22","1","7.96321142715814e-05","1.53650350643645e-07","5.1956195659957e-17","0.000457422047031939","2.54615479571142e-06","1.50678318594412e-06","1.0686314458344e-11","1.53834978118245e-08","1.47329969358052e-08","1.30701656053115e-16","7.76152025426962e-10","1","2.53697064793782e-06","0.00729539278490363","5.18458798656738e-11"
"Microglia","1","0.324324392761804","0.00140678561593022","0.0109970716071999","0.00140486385388214","0.00499127145209788","0.115725527276833","0.00301300739797568","3.29086072504756e-08","0.500871277866359","7.92679148385112e-14","0.195730030466604","4.92517916747142e-05","0.00165813931539836","8.79630572914916e-18","7.90013534684974e-06","0.00179688888165916","0.00115065771326673","0.0125442941728074","0.0824818316969577","0.0645170620515167","0.000365334718889224","4.91560559173488e-10","0.00649014435772656","1.28242334835873e-05","1","9.99515519781946e-05","2.31112930248183e-05","1.32630149729297e-08","0.134453397418019","0.00140486385388214","0.000108684568236324","0.00116258239763909","0.0594137849953244","0.0102299228064673","5.3099769015183e-20","1.31163358270731e-05","5.80080214470222e-07","0.251385558670306","6.99553458791731e-08","0.000227481711070118","0.000419446083589944","0.00884412992977275","2.77100650784198e-40","0.00331850106418006","2.76754713513493e-06","4.22014725015388e-08","0.000472486716191749","3.76607458415489e-07","0.145886378389024","0.00434779217847571","0.000291804805464454","0.0246941461452331","2.08153030255131e-08","0.0334195792439665","4.42533763187316e-07","1.83562992609306e-05","1","1.76310499675371e-07","1","1.85986223570033e-28","8.80552766576243e-07","0.0121331199346014","0.0246941461452331","4.63228842418221e-10","1.53650350643645e-07","4.75371740776288e-24","0.01969543908708","0.785562087565983","1.19408795147994e-07","1.14699185899859e-30","1","0.00026638399824942","1.2821262542644e-07","2.61773711667179e-10","0.0075850238040831","8.58889970788738e-06","0.000105112149320315","2.20124535212562e-11","3.11233440762771e-11","4.38933897779011e-07","2.20124535212562e-11","7.92679148385112e-14","0.0332995212439095","1.22135295205509e-05","2.09645145031891e-12","3.06393079555334e-21"
"Neuron","0.00274329502930112","2.56907731585152e-05","5.29838279832634e-09","6.03167691397141e-05","0.00627485665974372","0.017124028855089","1.69298214937316e-07","0.01138863485638","1.35575062550495e-25","3.44522622094155e-05","1.41644568561799e-05","1.62389120384406e-06","1.29904488612899e-08","2.84674811051984e-11","2.54615479571142e-06","2.51859589647189e-05","2.96613637021241e-08","8.85107929357998e-09","3.13854766619055e-13","4.682377426417e-08","3.70486308212505e-13","1.61248312311943e-08","1.07862799122534e-19","1.53834978118245e-08","1.93840446991904e-05","1","1.30701656053115e-16","5.32804376539182e-08","1.46287992507274e-16","0.112752274912452","0.163737816894571","3.64251075693117e-09","0.137222354950909","1.47363283404184e-13","1","3.80931201094476e-07","4.36872835050742e-06","9.73148459393776e-10","0.000255864700118262","3.69019461679441e-13","8.85741005973818e-11","9.761498218466e-07","5.02649606784727e-16","0.000841138922137744","8.87673086019111e-07","5.65635339465037e-22","0.0426474060848944","4.85389865997969e-12","2.26507105505222e-09","1.08294092738554e-10","0.0351389166716349","4.09554523480654e-11","3.7349788374654e-10","0.000140114580704133","0.022230574695623","1.4806908746561e-14","0.0877459787654961","0.050062479415553","2.23371914205013e-10","1","3.69067512855907e-08","9.71718505209977e-15","0.00774225239946663","3.11618293481509e-09","8.02829116026018e-08","8.96112387399104e-10","3.35819538657511e-06","2.4142168874471e-07","1","0.000242506361777975","8.90946740563588e-06","1","4.25466391835341e-10","2.96613637021241e-08","2.47862350639624e-21","0.00046692858546554","0.00649014435772656","8.16128260957032e-13","1.01137803315094e-18","0.00119694853496374","3.83432214429819e-19","0.00056897995454575","6.09176483125456e-06","1","7.27563515140679e-22","0.00266141469374632","6.29298130483855e-11"
"Oligodendrocytes","1","0.22387457816877","0.00073381045905038","0.000235897013892806","0.0968409859773541","0.0340043863687573","1.50166826238399e-05","0.473757009435283","2.12331028065243e-15","0.35484971567706","2.94231187902593e-08","0.00326454227012128","0.000228969670535763","1.9678601668022e-06","1.0593204633417e-11","0.000214202538701388","0.000191457946534709","1.17351153608284e-06","5.40504199022409e-06","0.00073381045905038","2.26358313693307e-05","1.38298461660244e-05","1.05020935960885e-09","6.92948029107931e-05","0.0428115399635755","1","1.04250528185127e-07","0.0025758809770396","1.69920923144101e-12","0.342991454530841","0.414266354771058","0.000122311671290498","0.0476463190784824","0.000466833279995781","0.0968409859773541","6.82453730627342e-13","7.90013534684974e-06","1.47363283404184e-13","0.0249883352759314","7.92763225367547e-07","1.1956519258902e-07","1.58838513709618e-05","4.42533763187316e-07","6.72058951744417e-12","0.00248354196221785","1.93584240535721e-06","1.33626560955632e-07","1.82766323619785e-05","8.13617503062558e-08","1.53834978118245e-08","0.0196273439744331","1.77613105329651e-13","0.00331850106418006","1.72742564054822e-06","0.00610626963341007","1.12125734294674e-09","0.0897739419020053","1","8.15904900395578e-10","1","4.79924068540886e-16","4.42605730811612e-14","0.0119143333259316","0.00011283874808584","3.45804970437198e-08","2.73954992322237e-10","1.74901809175958e-06","0.000414838176534018","0.22387457816877","2.08601075710736e-05","1.46316359481318e-08","1","8.02829116026018e-08","0.00018757312360927","1.42491479595454e-11","0.230028774710153","3.42706979813167e-05","1.71965622534581e-07","2.31401212297641e-09","1.42265815446242e-05","1.43063456976723e-15","0.00045329029408448","5.48904190729381e-08","1","3.79486789107355e-16","4.29332717406352e-05","9.72591917180827e-09"
"Endothelia","1","1","0.0307951909105434","0.00448184375982746","1","0.0445199801994144","0.00179688888165916","0.0330124209249742","0.000129121412697128","1","1.50503768453851e-07","0.0968409859773541","0.00219541018604867","0.000198110644826872","9.60391139329602e-13","0.0143150358400687","0.228179448926632","0.0593544721562321","0.0123122524695929","0.0307951909105434","1.26409081535908e-05","0.0691737117306931","1.79796166691117e-05","0.0102299228064673","1.31163358270731e-05","1","8.34740687839641e-08","7.69861962873216e-05","8.21490340842455e-08","0.0790238228125165","0.115157384112877","0.00129866264978836","0.0234607689077462","5.04519213756128e-07","0.107262781324095","5.39418223241598e-11","6.39858149481021e-08","4.1917738177649e-10","1","1.84147955922657e-10","0.000695153609585209","0.021404457914018","0.0841307348932492","6.40633297945516e-24","0.664513230002329","2.93749288795956e-05","3.40480219659797e-11","0.00024155621411624","1.07085650543882e-05","0.0163021572045999","0.214515598972791","1.99211579789189e-05","0.00120979313873588","0.11475892675762","0.00190756439434306","0.217721056378157","0.00312546034250493","1","0.00024155621411624","1","8.79630572914916e-18","5.30530788306215e-08","0.00048597389041754","0.0223660033891631","3.56605157788983e-09","0.00106692620037616","4.17076888875242e-23","0.0453775200082362","0.259998103149636","7.90013534684974e-06","9.56926536547545e-22","1","0.000144384013278694","1.1341092114221e-08","1.85973024646827e-08","0.25272317580925","1.34299101331611e-05","0.0484069104962078","3.5921134511344e-05","1.5833817862555e-08","3.04993017952956e-07","2.12331028065243e-15","1.0593204633417e-11","0.188817207373203","8.1092989836006e-10","1.33220221253607e-06","1.85986223570033e-28"
"","Overlap","Overlap","Overlap","Overlap","Overlap","Overlap","Overlap","Overlap","Overlap","Overlap","Overlap","Overlap","Overlap","Overlap","Overlap","Overlap","Overlap","Overlap","Overlap","Overlap","Overlap","Overlap","Overlap","Overlap","Overlap","Overlap","Overlap","Overlap","Overlap","Overlap","Overlap","Overlap","Overlap","Overlap","Overlap","Overlap","Overlap","Overlap","Overlap","Overlap","Overlap","Overlap","Overlap","Overlap","Overlap","Overlap","Overlap","Overlap","Overlap","Overlap","Overlap","Overlap","Overlap","Overlap","Overlap","Overlap","Overlap","Overlap","Overlap","Overlap","Overlap","Overlap","Overlap","Overlap","Overlap","Overlap","Overlap","Overlap","Overlap","Overlap","Overlap","Overlap","Overlap","Overlap","Overlap","Overlap","Overlap","Overlap","Overlap","Overlap","Overlap","Overlap","Overlap","Overlap","Overlap","Overlap","Overlap"
"Astrocytes","2","1","7","3","5","4","3","5","17","2","31","4","13","7","50","4","2","9","8","4","12","10","17","12","12","0","21","14","16","3","6","10","10","12","4","48","10","26","1","24","8","7","7","47","3","16","9","7","13","4","1","10","9","6","7","15","8","0","18","0","54","18","5","7","14","18","42","9","4","14","53","0","14","15","35","4","12","15","24","20","21","37","24","0","17","10","31"
"Microglia","0","1","7","3","5","5","3","5","22","1","32","3","11","8","44","9","6","8","6","4","7","9","24","9","13","0","15","14","24","2","5","10","10","5","2","46","12","21","2","22","9","9","7","75","6","16","18","9","15","4","3","10","6","13","5","16","12","0","20","0","58","17","5","6","21","17","54","7","1","14","67","0","14","16","28","3","12","13","25","25","20","32","31","2","17","26","47"
"Neuron","4","5","13","5","4","4","10","4","41","6","18","10","15","17","24","8","11","14","18","12","23","14","34","17","12","0","30","17","33","2","2","15","5","19","0","25","12","24","6","28","16","12","22","21","10","33","7","18","17","16","2","18","16","8","5","24","5","2","23","0","28","26","5","15","17","19","25","14","0","9","27","0","22","16","40","4","7","23","32","12","34","17","18","0","36","11","31"
"Oligodendrocytes","0","1","6","4","2","3","7","1","26","1","19","5","8","10","28","6","6","10","9","6","11","9","19","10","5","0","16","8","24","1","1","8","5","7","1","29","10","25","3","16","11","9","11","31","5","13","14","9","13","12","2","18","6","9","5","16","4","0","19","0","34","22","4","8","15","17","21","8","2","9","27","0","16","9","24","1","9","14","18","13","26","14","18","0","26","12","23"
"Endothelia","0","0","4","3","0","3","5","3","13","0","19","3","7","8","31","4","2","4","5","4","12","4","14","7","11","0","17","11","19","2","2","7","6","11","1","28","13","22","0","22","7","5","4","48","1","12","19","8","11","5","1","10","7","3","6","4","7","0","12","0","38","16","6","5","17","9","45","5","2","10","47","0","12","15","21","1","10","6","13","18","17","32","24","1","20","15","48"
"","CategoryHitsInDataSet(ADJ)","CategoryHitsInDataSet(ADJ)","CategoryHitsInDataSet(ADJ)","CategoryHitsInDataSet(ADJ)","CategoryHitsInDataSet(ADJ)","CategoryHitsInDataSet(ADJ)","CategoryHitsInDataSet(ADJ)","CategoryHitsInDataSet(ADJ)","CategoryHitsInDataSet(ADJ)","CategoryHitsInDataSet(ADJ)","CategoryHitsInDataSet(ADJ)","CategoryHitsInDataSet(ADJ)","CategoryHitsInDataSet(ADJ)","CategoryHitsInDataSet(ADJ)","CategoryHitsInDataSet(ADJ)","CategoryHitsInDataSet(ADJ)","CategoryHitsInDataSet(ADJ)","CategoryHitsInDataSet(ADJ)","CategoryHitsInDataSet(ADJ)","CategoryHitsInDataSet(ADJ)","CategoryHitsInDataSet(ADJ)","CategoryHitsInDataSet(ADJ)","CategoryHitsInDataSet(ADJ)","CategoryHitsInDataSet(ADJ)","CategoryHitsInDataSet(ADJ)","CategoryHitsInDataSet(ADJ)","CategoryHitsInDataSet(ADJ)","CategoryHitsInDataSet(ADJ)","CategoryHitsInDataSet(ADJ)","CategoryHitsInDataSet(ADJ)","CategoryHitsInDataSet(ADJ)","CategoryHitsInDataSet(ADJ)","CategoryHitsInDataSet(ADJ)","CategoryHitsInDataSet(ADJ)","CategoryHitsInDataSet(ADJ)","CategoryHitsInDataSet(ADJ)","CategoryHitsInDataSet(ADJ)","CategoryHitsInDataSet(ADJ)","CategoryHitsInDataSet(ADJ)","CategoryHitsInDataSet(ADJ)","CategoryHitsInDataSet(ADJ)","CategoryHitsInDataSet(ADJ)","CategoryHitsInDataSet(ADJ)","CategoryHitsInDataSet(ADJ)","CategoryHitsInDataSet(ADJ)","CategoryHitsInDataSet(ADJ)","CategoryHitsInDataSet(ADJ)","CategoryHitsInDataSet(ADJ)","CategoryHitsInDataSet(ADJ)","CategoryHitsInDataSet(ADJ)","CategoryHitsInDataSet(ADJ)","CategoryHitsInDataSet(ADJ)","CategoryHitsInDataSet(ADJ)","CategoryHitsInDataSet(ADJ)","CategoryHitsInDataSet(ADJ)","CategoryHitsInDataSet(ADJ)","CategoryHitsInDataSet(ADJ)","CategoryHitsInDataSet(ADJ)","CategoryHitsInDataSet(ADJ)","CategoryHitsInDataSet(ADJ)","CategoryHitsInDataSet(ADJ)","CategoryHitsInDataSet(ADJ)","CategoryHitsInDataSet(ADJ)","CategoryHitsInDataSet(ADJ)","CategoryHitsInDataSet(ADJ)","CategoryHitsInDataSet(ADJ)","CategoryHitsInDataSet(ADJ)","CategoryHitsInDataSet(ADJ)","CategoryHitsInDataSet(ADJ)","CategoryHitsInDataSet(ADJ)","CategoryHitsInDataSet(ADJ)","CategoryHitsInDataSet(ADJ)","CategoryHitsInDataSet(ADJ)","CategoryHitsInDataSet(ADJ)","CategoryHitsInDataSet(ADJ)","CategoryHitsInDataSet(ADJ)","CategoryHitsInDataSet(ADJ)","CategoryHitsInDataSet(ADJ)","CategoryHitsInDataSet(ADJ)","CategoryHitsInDataSet(ADJ)","CategoryHitsInDataSet(ADJ)","CategoryHitsInDataSet(ADJ)","CategoryHitsInDataSet(ADJ)","CategoryHitsInDataSet(ADJ)","CategoryHitsInDataSet(ADJ)","CategoryHitsInDataSet(ADJ)","CategoryHitsInDataSet(ADJ)"
"Astrocytes","235","235","235","235","235","235","235","235","235","235","235","235","235","235","235","235","235","235","235","235","235","235","235","235","235","235","235","235","235","235","235","235","235","235","235","235","235","235","235","235","235","235","235","235","235","235","235","235","235","235","235","235","235","235","235","235","235","235","235","235","235","235","235","235","235","235","235","235","235","235","235","235","235","235","235","235","235","235","235","235","235","235","235","235","235","235","235"
"Microglia","266","266","266","266","266","266","266","266","266","266","266","266","266","266","266","266","266","266","266","266","266","266","266","266","266","266","266","266","266","266","266","266","266","266","266","266","266","266","266","266","266","266","266","266","266","266","266","266","266","266","266","266","266","266","266","266","266","266","266","266","266","266","266","266","266","266","266","266","266","266","266","266","266","266","266","266","266","266","266","266","266","266","266","266","266","266","266"
"Neuron","237","237","237","237","237","237","237","237","237","237","237","237","237","237","237","237","237","237","237","237","237","237","237","237","237","237","237","237","237","237","237","237","237","237","237","237","237","237","237","237","237","237","237","237","237","237","237","237","237","237","237","237","237","237","237","237","237","237","237","237","237","237","237","237","237","237","237","237","237","237","237","237","237","237","237","237","237","237","237","237","237","237","237","237","237","237","237"
"Oligodendrocytes","169","169","169","169","169","169","169","169","169","169","169","169","169","169","169","169","169","169","169","169","169","169","169","169","169","169","169","169","169","169","169","169","169","169","169","169","169","169","169","169","169","169","169","169","169","169","169","169","169","169","169","169","169","169","169","169","169","169","169","169","169","169","169","169","169","169","169","169","169","169","169","169","169","169","169","169","169","169","169","169","169","169","169","169","169","169","169"
"Endothelia","189","189","189","189","189","189","189","189","189","189","189","189","189","189","189","189","189","189","189","189","189","189","189","189","189","189","189","189","189","189","189","189","189","189","189","189","189","189","189","189","189","189","189","189","189","189","189","189","189","189","189","189","189","189","189","189","189","189","189","189","189","189","189","189","189","189","189","189","189","189","189","189","189","189","189","189","189","189","189","189","189","189","189","189","189","189","189"
"","CategoryHitsInDataSet(Unadj)","CategoryHitsInDataSet(Unadj)","CategoryHitsInDataSet(Unadj)","CategoryHitsInDataSet(Unadj)","CategoryHitsInDataSet(Unadj)","CategoryHitsInDataSet(Unadj)","CategoryHitsInDataSet(Unadj)","CategoryHitsInDataSet(Unadj)","CategoryHitsInDataSet(Unadj)","CategoryHitsInDataSet(Unadj)","CategoryHitsInDataSet(Unadj)","CategoryHitsInDataSet(Unadj)","CategoryHitsInDataSet(Unadj)","CategoryHitsInDataSet(Unadj)","CategoryHitsInDataSet(Unadj)","CategoryHitsInDataSet(Unadj)","CategoryHitsInDataSet(Unadj)","CategoryHitsInDataSet(Unadj)","CategoryHitsInDataSet(Unadj)","CategoryHitsInDataSet(Unadj)","CategoryHitsInDataSet(Unadj)","CategoryHitsInDataSet(Unadj)","CategoryHitsInDataSet(Unadj)","CategoryHitsInDataSet(Unadj)","CategoryHitsInDataSet(Unadj)","CategoryHitsInDataSet(Unadj)","CategoryHitsInDataSet(Unadj)","CategoryHitsInDataSet(Unadj)","CategoryHitsInDataSet(Unadj)","CategoryHitsInDataSet(Unadj)","CategoryHitsInDataSet(Unadj)","CategoryHitsInDataSet(Unadj)","CategoryHitsInDataSet(Unadj)","CategoryHitsInDataSet(Unadj)","CategoryHitsInDataSet(Unadj)","CategoryHitsInDataSet(Unadj)","CategoryHitsInDataSet(Unadj)","CategoryHitsInDataSet(Unadj)","CategoryHitsInDataSet(Unadj)","CategoryHitsInDataSet(Unadj)","CategoryHitsInDataSet(Unadj)","CategoryHitsInDataSet(Unadj)","CategoryHitsInDataSet(Unadj)","CategoryHitsInDataSet(Unadj)","CategoryHitsInDataSet(Unadj)","CategoryHitsInDataSet(Unadj)","CategoryHitsInDataSet(Unadj)","CategoryHitsInDataSet(Unadj)","CategoryHitsInDataSet(Unadj)","CategoryHitsInDataSet(Unadj)","CategoryHitsInDataSet(Unadj)","CategoryHitsInDataSet(Unadj)","CategoryHitsInDataSet(Unadj)","CategoryHitsInDataSet(Unadj)","CategoryHitsInDataSet(Unadj)","CategoryHitsInDataSet(Unadj)","CategoryHitsInDataSet(Unadj)","CategoryHitsInDataSet(Unadj)","CategoryHitsInDataSet(Unadj)","CategoryHitsInDataSet(Unadj)","CategoryHitsInDataSet(Unadj)","CategoryHitsInDataSet(Unadj)","CategoryHitsInDataSet(Unadj)","CategoryHitsInDataSet(Unadj)","CategoryHitsInDataSet(Unadj)","CategoryHitsInDataSet(Unadj)","CategoryHitsInDataSet(Unadj)","CategoryHitsInDataSet(Unadj)","CategoryHitsInDataSet(Unadj)","CategoryHitsInDataSet(Unadj)","CategoryHitsInDataSet(Unadj)","CategoryHitsInDataSet(Unadj)","CategoryHitsInDataSet(Unadj)","CategoryHitsInDataSet(Unadj)","CategoryHitsInDataSet(Unadj)","CategoryHitsInDataSet(Unadj)","CategoryHitsInDataSet(Unadj)","CategoryHitsInDataSet(Unadj)","CategoryHitsInDataSet(Unadj)","CategoryHitsInDataSet(Unadj)","CategoryHitsInDataSet(Unadj)","CategoryHitsInDataSet(Unadj)","CategoryHitsInDataSet(Unadj)","CategoryHitsInDataSet(Unadj)","CategoryHitsInDataSet(Unadj)","CategoryHitsInDataSet(Unadj)","CategoryHitsInDataSet(Unadj)"
"","235","235","235","235","235","235","235","235","235","235","235","235","235","235","235","235","235","235","235","235","235","235","235","235","235","235","235","235","235","235","235","235","235","235","235","235","235","235","235","235","235","235","235","235","235","235","235","235","235","235","235","235","235","235","235","235","235","235","235","235","235","235","235","235","235","235","235","235","235","235","235","235","235","235","235","235","235","235","235","235","235","235","235","235","235","235","235"
"","266","266","266","266","266","266","266","266","266","266","266","266","266","266","266","266","266","266","266","266","266","266","266","266","266","266","266","266","266","266","266","266","266","266","266","266","266","266","266","266","266","266","266","266","266","266","266","266","266","266","266","266","266","266","266","266","266","266","266","266","266","266","266","266","266","266","266","266","266","266","266","266","266","266","266","266","266","266","266","266","266","266","266","266","266","266","266"
"","237","237","237","237","237","237","237","237","237","237","237","237","237","237","237","237","237","237","237","237","237","237","237","237","237","237","237","237","237","237","237","237","237","237","237","237","237","237","237","237","237","237","237","237","237","237","237","237","237","237","237","237","237","237","237","237","237","237","237","237","237","237","237","237","237","237","237","237","237","237","237","237","237","237","237","237","237","237","237","237","237","237","237","237","237","237","237"
"","169","169","169","169","169","169","169","169","169","169","169","169","169","169","169","169","169","169","169","169","169","169","169","169","169","169","169","169","169","169","169","169","169","169","169","169","169","169","169","169","169","169","169","169","169","169","169","169","169","169","169","169","169","169","169","169","169","169","169","169","169","169","169","169","169","169","169","169","169","169","169","169","169","169","169","169","169","169","169","169","169","169","169","169","169","169","169"
"","189","189","189","189","189","189","189","189","189","189","189","189","189","189","189","189","189","189","189","189","189","189","189","189","189","189","189","189","189","189","189","189","189","189","189","189","189","189","189","189","189","189","189","189","189","189","189","189","189","189","189","189","189","189","189","189","189","189","189","189","189","189","189","189","189","189","189","189","189","189","189","189","189","189","189","189","189","189","189","189","189","189","189","189","189","189","189"
"","OverlappedGeneLists","OverlappedGeneLists","OverlappedGeneLists","OverlappedGeneLists","OverlappedGeneLists","OverlappedGeneLists","OverlappedGeneLists","OverlappedGeneLists","OverlappedGeneLists","OverlappedGeneLists","OverlappedGeneLists","OverlappedGeneLists","OverlappedGeneLists","OverlappedGeneLists","OverlappedGeneLists","OverlappedGeneLists","OverlappedGeneLists","OverlappedGeneLists","OverlappedGeneLists","OverlappedGeneLists","OverlappedGeneLists","OverlappedGeneLists","OverlappedGeneLists","OverlappedGeneLists","OverlappedGeneLists","OverlappedGeneLists","OverlappedGeneLists","OverlappedGeneLists","OverlappedGeneLists","OverlappedGeneLists","OverlappedGeneLists","OverlappedGeneLists","OverlappedGeneLists","OverlappedGeneLists","OverlappedGeneLists","OverlappedGeneLists","OverlappedGeneLists","OverlappedGeneLists","OverlappedGeneLists","OverlappedGeneLists","OverlappedGeneLists","OverlappedGeneLists","OverlappedGeneLists","OverlappedGeneLists","OverlappedGeneLists","OverlappedGeneLists","OverlappedGeneLists","OverlappedGeneLists","OverlappedGeneLists","OverlappedGeneLists","OverlappedGeneLists","OverlappedGeneLists","OverlappedGeneLists","OverlappedGeneLists","OverlappedGeneLists","OverlappedGeneLists","OverlappedGeneLists","OverlappedGeneLists","OverlappedGeneLists","OverlappedGeneLists","OverlappedGeneLists","OverlappedGeneLists","OverlappedGeneLists","OverlappedGeneLists","OverlappedGeneLists","OverlappedGeneLists","OverlappedGeneLists","OverlappedGeneLists","OverlappedGeneLists","OverlappedGeneLists","OverlappedGeneLists","OverlappedGeneLists","OverlappedGeneLists","OverlappedGeneLists","OverlappedGeneLists","OverlappedGeneLists","OverlappedGeneLists","OverlappedGeneLists","OverlappedGeneLists","OverlappedGeneLists","OverlappedGeneLists","OverlappedGeneLists","OverlappedGeneLists","OverlappedGeneLists","OverlappedGeneLists","OverlappedGeneLists","OverlappedGeneLists"
"Astrocytes","slgA;Sfxn1-3","sm","acj6;sm;CG1275;Con;Kank;CG3662;twz","twz;Kank;rgn","Ssadh;slgA;Gabat;SK;CG33181","SK;sm;CG31345;Optix","Hr38;emc;luna","stv;Hsc70-4;Hr38;AMPdeam;Gadd45","dlp;bun;Con;emc;wdb;Trpm;CG42788;coro;pyd;Ndae1;Hr38;rgn;CG9171;stv;Drep2;Plc21C;l(3)L1231","Sox21b;Optix","Gs2;CAH1;Rh50;wun2;bbc;Chd64;aay;Pdk;CG6287;spir;retm;ced-6;sty;CG17896;Gabat;temp;CG42788;Ssadh;whd;kibra;Synd;Irk3;fabp;CG12171;SPARC;jar;yip2;Atf3;CdGAPr;CG7461;CG5590","Sox21b;slgA;CG7582;luna","slgA;twz;TfAP-2;Ssadh;CG2082;CG4678;CG34384;Hr38;Sfxn1-3;CG1640;CG7582;Rh7;sfl","acj6;CG33181;rgn;CG31345;pyd;emc;Rh7","CAH1;SPARC;Rh50;Gs2;CG6287;ced-6;Pdk;CG5254;Timp;Irk3;CG17896;fabp;Hydr1;spir;Gabat;aay;Ssadh;kibra;CG12512;CG3902;CG9220;CG1640;tkv;yip2;CG8112;retm;UK114;Moe;Chd64;CG2765;whd;Plod;CrebA;Mtpalpha;CG12171;wts;scramb1;ens;CG5590;Synd;NTPase;GlyS;AnxB11;CG7766;temp;jar;bbc;CG7461;CG8475;pyd","vg;Rfx;CG1275;CG7582","Optix;CG1275","Optix;sm;Galphao;sty;Con;CG1275;dlp;pyd;LRR","Sox21b;emc;rgn;CG2082;kcc;p120ctn;GABA-B-R1;twz","CG31345;luna;CG4678;kcc","Rbp6;CG31345;Rh7;CG10082;CG33181;gprs;Ndae1;trc;Cp110;AcCoAS;Pdk;TfAP-2","chrb;Rh7;slgA;CG7582;kcc;veli;Pfk;Sfxn1-3;luna;mtt","Plc21C;Lgr1;Dyb;chrb;CG33181;pyd;Ndae1;Galphao;rgn;wdb;AnxB11;p120ctn;spir;gprs;Hr38;CG9171;AcCoAS","Hr38;Mpc1;AMPdeam;Pfk;stv;EMRE;CG3662;veli;CG7582;kcc;p120ctn;chrb","acj6;CG2082;Hr38;GABA-B-R1;chrb;rgn;TfAP-2;Kank;UQCR-11;Mpc1;CG34384;CG9705","","Rh7;Rbp6;Con;CG12502;fbp;Pitslre;Hr38;CG9705;Fim;CG34384;CG31345;GABA-B-R1;wdb;Mitofilin;Dyb;CG4678;NTPase;CG42663;gprs;ppl;CG9171","acj6;AcCoAS;rgn;Moe;CG34384;yki;CG31345;CG33181;SK;Gabat;PMCA;CG2082;sm;UQCR-11","bun;Dyb;Tektin-C;Rbp6;CG42788;Ndae1;fz3;emc;Pitslre;NaPi-III;CG33181;chrb;wdb;p120ctn;PMCA;Trpm","CG1275;CrebA;pyd","vg;Ssadh;slgA;Gabat;sd;CG7582","acj6;Rbp6;TfAP-2;rgn;CG2082;Con;emc;CG10082;stv;Hr38","CG31345;Ssadh;CG1275;veli;EMRE;CG7582;kcc;Gabat;UQCR-11;CG3662","acj6;Con;CG2082;mtt;TfAP-2;stv;Dyb;GABA-B-R1;Hr38;CG4678;Chd64;emc","wupA;Mlp60A;up;CG7582","Ect3;Rh50;Gs2;CG6287;ced-6;SPARC;CAH1;aay;Gabat;CG17896;Prx2540-2;Timp;CG5254;yip2;CG1640;Pdk;Hydr1;kibra;CG8112;Irk3;CG12512;Ssadh;whd;CG44243;tkv;CG3902;CG9547;CG9220;Mtpalpha;CG7461;spir;CG5590;retm;bbc;NTPase;Chd64;Synd;Plod;Moe;CG17026;CG12171;fabp;jar;scramb1;CG2765;CG8475;wun2;AdipoR","Dr;Rfx;CG1275;per;CG32369;Moe;Sfxn1-3;CrebA;alpha-Spec;CG8405","AMPdeam;Rbp6;slgA;Galphao;Plod;Flo2;GABA-B-R1;DPCoAC;CG31145;chrb;kcc;CG32448;CG1640;Synd;Gadd45;Syn1;Cp110;Ephrin;CG9164;PheRS-m;lilli;Srp54;wdb;veli;EMRE;GABA-B-R2","CG1275","CG34384;Fim;CG9164;CG32333;Con;Pdk;Syn1;GABA-B-R1;CG10082;ppl;sfl;UQCR-11;AhcyL1;Galphao;siz;CG32448;Cp110;rt;Hsc70-4;CG4678;SPoCk;CG33203;veli;Gadd45","pyd;CG7582;Syn1;CG10082;emc;CG2082;luna;mtt","Rbp6;Rh7;Pitslre;CG9171;CG33181;emc;CG9705","sty;CG1275;Con;Atf3;CG34384;sfl;Sox21b","SPARC;srp;ced-6;Chd64;CG10026;Moe;CG3902;CG5254;Zasp52;Indy;CG17224;Timp;CG6287;AnxB11;CG4872;spict;baz;Vinc;CG12512;yip2;ScpX;CrebA;Mtpalpha;kibra;Plod;CG7970;CG5590;aay;CG31145;Hsc70-4;mino;Pmm2;CG17896;Swip-1;capt;CG9577;CG3662;Gadd45;CG9705;Sfxn1-3;Gmap;parvin;AdipoR;sty;lbk;cpb;luna","CG1275;sty;CrebA","GABA-B-R1;Con;Rbp6;TfAP-2;Fim;CG12502;stan;twz;Rh7;CG34384;Pitslre;galectin;CG4678;wdb;Drep2;NTPase","Atf3;CG31345;AnxB11;CrebA;alpha-Spec;CG7766;robl;CG1275;Ndae1","Sox21a;TfAP-2;CG1275;pyd;PlexA;luna;rgn","TfAP-2;hbs;luna;Hr38;CG33181;CG34384;Pitslre;Cp110;EMRE;Plc21C;CG1275;kcc;Syn1","Sox21b;rst;slgA;Hr38","Moe","Rbp6;TfAP-2;Fim;GABA-B-R1;CG33181;Kank;Con;rst;CG4678;CG34384","CG2082;stv;Ndae1;Cp110;slgA;Sfxn1-3;Fim;Galphao;Pdk","CAH1;Moe;Synd;AMPdeam;Chd64;Lpin","Irk3;luna;CG31145;AnxB11;kcc;CG2082;ced-6","Sox21b;Pdk;Ssadh;Sfxn1-3;CG2082;CG10082;slgA;CG42663;veli;mtt;SPoCk;CG1640;kcc;CG7582;CG3662","Pfk;Gadd45;CG33181;CG9705;galectin;Hsc70-4;GlyP;CG12171","","luna;Plc21C;CG2082;wdb;kcc;Pfk;Pdk;Fim;CG1640;ppl;CrebA;CG12338;Mpc1;galectin;PMCA;CG4678;CG9705;NaPi-III","","fabp;scramb1;CG6287;Irk3;CG8112;Cyp4ac3;SPARC;ced-6;CG5254;Hydr1;aay;Gabat;CG17896;tkv;Zasp52;CG3902;CG17224;kibra;pyd;CG12512;CG12338;Ssadh;mino;CG32369;AdoR;NTPase;whd;Pdk;CG42663;ci;yip2;CG6424;UK114;AnxB11;CrebA;Trpm;CG1640;CG2765;Ect3;CG7461;CG17026;Moe;DPCoAC;CG5590;CG12171;GlyS;ens;wts;Doa;L2HGDH;Sfxn2;retm;Pmp70;CG7766","Rh7;slgA;AdoR;CG2082;luna;CG1640;Sfxn1-3;sm;Dap160;EMRE;Pfk;mtt;veli;CG7582;ens;Synj;SPoCk;twz","slgA;Optix;SK;CG34404;CG12502","Rbp6;CG2082;CG31345;stv;emc;CG32369;chrb","Sox21a;CG1275;Swip-1;mtt;Dg;robl;Galphao;Moe;LRR;emc;gprs;rgn;twz;sty","CG2082;Rbp6;Chd64;Pdk;chrb;Hr38;slgA;Ssadh;pyd;hbs;CG10082;Sfxn1-3;trc;stv;Synd;gprs;galectin;kcc","Timp;SPARC;CG2082;CG6287;Indy;yip2;whd;Hsc70-4;Atf3;kibra;Pdk;CG1674;AnxB11;Mtpalpha;ced-6;CG5254;Moe;CG7461;Vinc;ci;Rh50;Gs2;aay;Synd;CG5590;Chd64;parvin;NTPase;mino;Optix;Ssadh;rgn;CG9577;CG17896;CG8475;ens;CG12171;hts;alpha-Spec;fabp;capt;coro","Sox21b;slgA;CG2082;TfAP-2;Hr38;CG33181;CG32369;emc;kcc","CG33178;CG7970;CG5590;CG6287","Ndae1;CG2082;Irk3;Optix;ced-6;Pdk;NTPase;aay;CG2765;CG5254;AnxB11;Chd64;Moe;CG31145","Gabat;SPARC;Indy;Ssadh;Timp;CG2082;NaPi-III;aay;CG8475;CG6287;CG3902;yip2;temp;whd;Ect3;CG17026;Tep2;ry;Oat;CG17896;Mtpalpha;Pdk;fabp;AnxB11;kibra;CG9577;CAH1;AhcyL1;mino;Vinc;CG7461;CG1640;CG5590;UK114;ci;Synd;Moe;CG12171;CG12512;Etf-QO;CG9547;CG6424;CG7970;NTPase;atl;CG44243;Hsc70-4;PCB;Jra;siz;GlyP;L2HGDH;egl","","CG1640;Pfk;mtt;sm;SK;PMCA;CG2082;rgn;Hr38;UQCR-11;CG32369;Cp110;AcCoAS;ppl","twz;TfAP-2;CG1275;luna;Syn1;CrebA;Sfxn1-3;CG34384;slgA;Galphao;PMCA;SPoCk;Pfk;Gadd45;CG3662","Fim;kcc;Pdk;CG2082;CG10082;Sfxn1-3;Ndae1;sm;gprs;CG34384;Rbp6;siz;Galphao;slgA;NaPi-III;Plc21C;SPoCk;Lpin;Synd;veli;bun;UQCR-11;Syn1;Cp110;Ctl1;Gadd45;AhcyL1;wdb;stv;Pfk;Cbs;CG4957;CG3662;Mpc1;CG32448","Kank;spict;acj6;Ehbp1","fabp;Tsp;lft;aay;CG6287;Swip-1;Timp;AdipoR;Moe;Gs2;Ctl1;ced-6","Rh7;SK;Rbp6;chrb;Pdk;kcc;CG2082;Ssadh;AMPdeam;CG7582;Synd;chico;slgA;CG31345;parvin","sm;CG34384;luna;twz;Con;Galphao;Plc21C;stv;Pfk;Dap160;SK;CG9164;Atf3;GlyS;L2HGDH;Sfxn1-3;GlyP;Drep2;Cp110;wdb;AhcyL1;Graf;kcc;PMCA","SPARC;Timp;CG5254;CG1640;CG6287;CG17026;ced-6;Pdk;Gs2;Ect3;Irk3;Gabat;aay;Ssadh;Moe;kibra;Ndae1;whd;Chd64;Atf3","Dr;Sox21b;Trpm;Ssadh;Gabat;Ndae1;SPoCk;Rbp6;sfl;Rh7;bun;gprs;Hsc70-4;Dg;Pdk;Moe;CG33181;NaPi-III;PMCA;Dyb;spir","Gbs-70E;AcCoAS;CG33178;CG3902;fabp;lft;Hsc70-4;Dr;ovo;baz;CG17224;yip2;CG12512;CG5254;CG1275;Indy;Mtpalpha;CG5590;coro;CG6287;PCB;fbp;ScpX;Etf-QO;Crag;mino;CG9577;Gmap;CG7970;kibra;CG7461;L2HGDH;Synd;aay;Moe;whd;CG7601","fabp;Irk3;Gabat;ced-6;SPARC;Gs2;Pdk;CG5254;Ssadh;AdoR;CG9220;CG17896;yip2;Hydr1;AnxB11;NTPase;dlp;mino;Moe;CG2082;kibra;spir;CG12338;Pmm2","","Optix;CG42788;Ndae1;Rh7;Plc21C;rst;Galphao;stan;CG2082;CG32333;Moe;Kank;AnxB11;sfl;rho-5;CG1275;lilli","form3;baz;ptc;qless;CG4562;CG1275;Kank;ced-6;Doa;CG7582","Sox21b;AdoR;CG34384;Rfx;per;AnxB11;Stt3B;fabp;Trpm;Gadd45;mino;CG32369;Atf3;coro;CG1275;Hsc70-4;sm;kibra;CG9705;CG8405;Ostgamma;SPoCk;stv;emc;robl;CrebA;CG7461;eIF2gamma;sfl;CG5590;CG32944"
"Microglia","","mbl","heph;acj6;unc-13-4A;CG1275;RhoGAP71E;Rab27;CG32052","mbl;unc-13-4A;rgn","CG32225;mbl;sgll;SK;CG3961","mbl;SK;rin;Hsp67Ba;CG3556","cindr;Hk;emc","Hsp67Ba;Hsc70Cb;Ubi-p63E;CG6191;Gadd45","CG32066;Act5C;PVRAP;RhoGDI;Dif;emc;Rab27;Trpm;smt3;cact;RpL10;coro;rgn;Tomosyn;CG5890;RhoGAP71E;PIP4K;Hsc70Cb;Plc21C;rin;Ktl;mmd","elB","Gs2;CG14688;Rac2;Amph;ninaB;CG9467;Lsd-2;mbc;RapGAP1;CG6770;Eno;RpL30;AdSS;cathD;Chmp1;Pdxk;fng;stumps;Myd88;CG9471;Nhe3;CG12012;Synd;lqf;Mmp1;Lk6;CG33054;Atf3;pr;Pkn;CdGAPr;Npc2a","CG5890;stmA;CG7582","CG32225;RapGAP1;levy;cindr;Sdc;CG34384;Ktl;Tomosyn;CG7582;PVRAP;Dyrk2","acj6;Hk;rgn;mbl;cindr;CG3556;emc;CG3961","Pkn;Gs2;Npc2a;CG6218;Lsd-2;DNaseII;CG6770;Eno;ninaB;CG8312;CG9471;CG14688;fng;Rac2;CG9467;Amph;stumps;Mmp1;CG8112;GstS1;RpL30;yin;mol;Past1;Myd88;Moe;l(1)G0289;Sk1;CG18659;Tis11;Plod;Rho1;lqf;Synd;NTPase;Act5C;cathD;Cpr;CG3764;AnxB11;CG7766;Ent2;Dif;pr","unc-13-4A;Rab27;CG1275;heph;Hsp67Ba;RhoGAP71E;elB;Stat92E;CG7582","mbl;CG32052;Ten-a;CG1275;unc-13-4A;RhoGAP71E","heph;cert;Ten-a;unc-13-4A;CG32052;RapGAP1;CG1275;LRR","CG5890;emc;cindr;rgn;PIP4K;kcc","cindr;Hk;PIP4K;kcc","PIP4K;levy;CG10082;CG3961;Mgat2;CG3556;RyR","Ggamma1;levy;Ktl;CG7582;PVRAP;kcc;stmA;Tomosyn;Syngr","Rab27;CG32066;Ten-a;Gprk2;Plc21C;CG5890;RhoGDI;Dif;PIP4K;rgn;cact;l(1)G0289;Tomosyn;mmd;AnxB11;PVRAP;tai;JIL-1;CG8243;RhoGAP71E;Pfrx;unc-13-4A;Stat92E;Past1","Eno;PPP1R15;CG7582;stmA;ATPsyngamma;kcc;levy;Hsp67Ba;CG3609","acj6;Ten-a;cindr;ssp6;RhoGAP93B;RpL10;PIP4K;Hk;rgn;CG5151;Dyrk2;CG4364;CG34384","","Npc2a;PIP4K;cindr;Rab27;mmd;E2f1;Fim;levy;CG34384;Sdc;NTPase;CG12375;CG42663;Mgat2;CG3961","acj6;mbl;rgn;Moe;Dyrk2;CG34384;CG3961;CG1909;Act5C;SK;PIP4K;Rab27;Ktl;ATPsyngamma","RhoGDI;Dif;Gprk2;emc;Tomosyn;PVRAP;unc-13-4A;oaf;l(1)G0289;smt3;PPP1R15;rhea;CG10283;Pkn;Hsc70Cb;cact;Ubi-p63E;elB;Slmap;CG3961;PIP4K;SERCA;Trpm;Task7","CG1275;cathD","CG32225;mbl;sgll;CG7582;heph","acj6;Frl;PIP4K;Ten-a;rgn;Hk;emc;CG10082;Ktl;CG5151","CG41378;CG32225;Hsp67Ba;CG3556;CG1275;CG7582;kcc;ATPsyngamma;mbl;levy","acj6;Hk;Gprk2;RapGAP1;emc","wupA;CG7582","Ect3;DNaseII;Gs2;Fas1;CG14688;Npc2a;ninaB;CG13397;Lsd-2;CG6218;fng;Rac2;CG9467;CG8312;Pkn;CG16758;Eno;mol;CG8112;CG6770;CG9471;Amph;Asph;GstS1;Tis11;Myd88;CG11655;stumps;Past1;Sk1;Ids;Pdxk;Cpr;NTPase;CREG;mbc;RpL19;CG18659;Synd;RpL30;pr;Mvl;Plod;Thor;Moe;Rho1","CG1275;Cp1;cathD;Spase22-23;Moe;CG5174;CG32052;TMS1;Sdc;RpL30;oaf;Hsp67Ba","cindr;CG15117;Plod;Npc2a;CG18549;kcc;Synd;Gadd45;Rab27;Syn1;dnr1;Hk;Ziz;oaf;Unc-76;Arpc4;CG9164;CG4364;Chmp1;RNaseX25;Pfrx","CG1275;unc-13-4A","Npc2a;CG34384;Fim;CG9164;sra;levy;Frl;oaf;Syn1;Syngr;CG10082;RhoGAP93B;tai;CG3860;CG2224;sws;Hk;siz;Pdxk;SPoCk;ATPsyngamma;Gadd45","Ten-a;RapGAP1;CG7582;PIP4K;Syn1;CG10082;tai;emc;Hs6st","Ten-a;PIP4K;CG32795;Hk;Npc2a;levy;CG5151;CG32066;emc","mbl;CG1275;Act5C;Ktl;Atf3;CG34384;sn","Cp1;vsg;CG6891;CG5613;cathD;Npc2a;Rho1;CG31445;Rac2;Tis11;RpL30;CG12012;beta-Man;Thor;CG17760;Moe;Act5C;RpL19;Pdxk;CG3609;AnxB11;l(1)G0289;CG5174;RpL10;CG3961;Mvl;RhoGAP16F;mbc;Myo31DF;Lsd-2;Past1;Myd88;Snx1;Clc;drk;ush;ena;CG8312;Galk;Arpc1;yin;CG1827;Plod;Frl;RpL3;Scamp;Prosbeta1;mino;loco;arg;Pmm2;Arc42;Swip-1;mys;Gip;Arpc4;capt;Arpc5;cpa;Chmp1;GMF;Gadd45;Oscillin;CG6903;CG14688;parvin;mmy;Arf79F;RNaseX25;Stat92E;Rab8;AdSS;CG18549;Spase22-23;Ubi-p63E","CG1275;mbl;tai;Stat92E;cathD;Arf79F","Rab27;Sdc;heph;Fim;Hk;Npc2a;Gprk2;unc-13-4A;CG34384;Mgat2;galectin;E2f1;CG32795;RhoGAP93B;CG4364;NTPase","rhea;mbl;Atf3;AnxB11;CG34325;Ykt6;CG5174;CG7766;Spase22-23;cathD;CG1275;CG3556;Hsp67Ba;Chmp1;RpL30;TMS1;RpL3;RpL19","CG32052;elB;RhoGAP71E;CG1275;cert;Rab27;Ktl;unc-13-4A;rgn","heph;Npc2a;CG32225;Ggamma1;Ten-a;tai;cindr;CG34384;Ktl;Sdc;Plc21C;CG1275;kcc;Dyrk2;Syn1","CG5890;CG5151;Ggamma1;cindr","Moe;CG41378;mbl","Hk;Ktl;mbl;Sdc;Fim;RhoGAP93B;CG32795;Dyrk2;beta4GalNAcTA;CG34384","sra;oaf;levy;GstS1;Fim;RapGAP1","RhoGDI;lqf;Rab32;Thor;CG3961;Lk6;Npc2a;Moe;Synd;Pkn;mbl;cathD;Lpin","Past1;AnxB11;Npc2a;CG3961;kcc","CG32225;RapGAP1;CG5890;Tomosyn;run;levy;CG3860;Syngr;CG10082;CG42663;SPoCk;kcc;CG7582;rogdi;stmA;sn","Pfrx;Lk6;Gadd45;CG6762;agt;tai;galectin;GlyP;smt3;MAPk-Ak2;Archease;REG","","Npc2a;Plc21C;CG10283;elB;CG32066;levy;kcc;cindr;Ten-a;RapGAP1;Fim;Lk6;CG18549;tai;Cp1;Dyrk2;galectin;CG13398;Syngr;RhoGAP93B","","CG6218;CG7997;CG16758;Npc2a;CG8112;Cyp4ac3;fng;Lsd-2;yin;DNaseII;CG8312;Pkn;Tis11;CG13397;CG10669;Rac2;loco;mino;CG14688;CG9467;AdoR;NTPase;CG9471;CG42663;CG6770;Amph;Past1;AnxB11;cathD;Myd88;CG32147;CG11655;Trpm;RpL30;Rho1;CG18659;CG3764;RapGAP1;stumps;Ect3;vsg;Frl;Mvl;Ent2;Cp1;Moe;AdSS;Dyrk2;ninaB;Dif;GstS1;Eno;Oscillin;Nhe3;Sfxn2;Mitf;Pdxk;CG7766","PVRAP;AdoR;mbl;Ggamma1;levy;Eno;GLS;Syngr;rogdi;Fas1;Dyrk2;CG7582;sra;Ktl;Synj;SPoCk;CG3860","mbl;PVRAP;SK;Diap2;CG3556","mbl;Ktl;cindr;Npc2a;levy;emc","CG1275;Gprk2;Swip-1;cathD;Ten-a;pr;Moe;rin;Act5C;LRR;RpL30;Rab27;smt3;emc;Prosbeta1;Ktl;Arf79F;rgn;TMS1;Dyrk2;Hsp67Ba","CG32225;RapGAP1;CG32052;ATPsyngamma;Npc2a;levy;cindr;sra;CG5151;Syngr;CG3860;CG10082;CG3961;Rab27;Synd;galectin;kcc","lama;cathD;RpL30;RpL19;Tis11;Rac2;Tg;Thor;Myd88;Lsd-2;Atf3;fng;loco;CG34325;Frl;Rho1;AnxB11;Mmp1;Moe;AdSS;Cp1;CG8312;Gs2;RpL3;Synd;rhea;parvin;Arc42;Myo31DF;NTPase;vsg;mino;Ubi-p63E;rgn;CG3609;Ent2;GstS1;Prosbeta1;l(1)G0289;Chmp1;capt;cpa;Dif;coro;pr;Galt;cact;Arpc5;Npc2a;ninaB;Arpc1;CG6903;Arpc4;Pfrx","CG4364;Hk;RhoGAP93B;ATPsyngamma;emc;kcc;CG3961","heph","Npc2a;CG6218;CG8312;Frl;fng;loco;Eno;ninaB;GstS1;NTPase;RpL30;Amph;AnxB11;Moe","lama;CG16758;cathD;CG3961;RpL30;l(1)G0289;Lsd-2;Tis11;RpL19;fng;Cp1;loco;Ect3;Gprk2;Tep2;ry;Rac2;Pfrx;Myd88;Thor;RpL10;AnxB11;RpL3;Arc42;olf186-F;Tg;mino;Mvl;mol;CG11655;CG6770;CG8312;Synd;Moe;vsg;CG3609;CG5104;CG7322;CREG;CG7328;Gip;AdSS;beta-Man;NTPase;atl;Cpr;ena;foi;Arpc5;Rho1;Ent2;Asph;Eno;Non2;Jra;siz;GlyP;CG12012;Ubi-p63E;Pdxk;sgll;CG33054;CG1827;rhea;Snx1;cact;Chmp1","","mbl;ATPsyngamma;Npc2a;CG5890;levy;tai;SK;RhoGAP93B;stmA;rgn;CG14767;CG13398;Unc-76;CG18549","heph;cindr;Npc2a;Tomosyn;CG1275;Sdc;CG32052;Syn1;tai;CG34384;CG32225;CG4364;Syngr;SPoCk;CG14767;Gadd45","Fim;kcc;unc-13-4A;Sdc;levy;CG10082;tai;CG34384;CG3860;Syngr;RapGAP1;CG6770;siz;Plc21C;SPoCk;Lpin;Synd;oaf;sws;Ktl;ATPsyngamma;Syn1;Gadd45;Lk6;CG32066;pr;maf-S;CG6762","sn;acj6;Ehbp1","Pdh;Rab32;Tsp;sn;pr;Thor;Swip-1;RpL30;Lsd-2;Moe;ninaB;Gs2","RapGAP1;SK;levy;sra;kcc;ATPsyngamma;CG7582;CG4364;CG3961;CG5151;Synd;Eno;parvin","CG5890;Sdc;oaf;Act5C;unc-13-4A;CG34384;Plc21C;tai;SK;CG9164;Atf3;Arpc1;GlyP;CG10581;rin;CG17065;Hs6st;Syngr;Hk;CG3860;Graf;E2f1;kcc;Eno;CG1827","fng;Npc2a;DNaseII;Past1;stumps;Gs2;Ect3;Rac2;CG14688;Frl;Pkn;Thor;Tis11;Moe;Asph;CG6218;RpL19;cathD;CG8312;GstS1;Lk6;CG33054;CG12012;Atf3;Cp1","Tomosyn;Gprk2;CG32225;CG32052;ush;unc-13-4A;Trpm;sgll;SPoCk;Act5C;Arpc1;Hs6st;CG32066;Torsin;Ubi-p63E;Hexo1;Moe;Spase22-23;CG5890;Syngr","Gbs-70E;Tg;RpL19;Thor;RpL30;AdSS;CG6770;CG34325;Tis11;RpL3;CG7497;CG1275;sgll;coro;Rho1;Lsd-2;Crag;l(3)72Dp;CG8312;CG3609;mino;cact;Cpr;Myo31DF;vsg;Gip;CG12375;Arc42;Synd;Ubc7;MAPk-Ak2;Moe","CG9467;Npc2a;Gs2;AdSS;GstS1;Rac2;AdoR;Tis11;Frl;Pkn;Ids;RpL30;Eno;AnxB11;CG6770;NTPase;Arc42;CG8312;Rho1;Pdxk;mino;Act5C;Moe;CG9471;cathD;CG16758;Snx1;Pmm2;Amph;vsg;Chmp1","pkaap;sws","pr;Ten-a;Plc21C;cert;CG5890;RapGAP1;rin;Sdc;smt3;TMS1;Moe;CG6891;AnxB11;Past1;rho-5;CG1275;CG41378","Mmp1;CG3609;CG7497;CG6891;Tis11;mol;CG4562;CG3165;Thor;Clc;CG2224;Prosbeta1;CG8312;CREG;Myd88;CG1275;Frl;Cp1;Act5C;sn;Past1;CG7582;pr;PVRAP;cact;Dyrk2","CG32052;AdoR;CG34384;RpL30;CG8312;Dif;RpL10;CG2747;Dyrk2;AnxB11;RpL19;Hsc70Cb;Trpm;CG6891;Gadd45;mino;AdSS;cathD;Cp1;Atf3;Nmt;coro;Past1;Chmp1;Ubi-p63E;CG1275;Ykt6;sn;smt3;Torsin;vsg;Hsp67Ba;Prosbeta1;Spase22-23;CG5174;Non2;RpL3;pr;SPoCk;Arpc4;Rab8;emc;Lk6;Unc-76;CG7840;Arf79F;CG32944"
"Neuron","pros;bru3;Sfxn1-3;Sytbeta","pros;VAChT;Hs3st-A;ChAT;bru3","pros;VAChT;acj6;ChAT;Sytbeta;bru3;unc-13-4A;Hs3st-A;Con;CanA-14F;CG12531;nvy;twz","twz;VAChT;unc-13-4A;Hs3st-A;AstC-R2","nvy;pros;orb2;CG15537","Rbp9;Cals;Optix;CG15537","VAChT;scro;ChAT;Cbp53E;nmo;Hk;X11Lbeta;Hs3st-A;Gfrl;luna","stv;bru3;pros;CG32276","Pka-R1;cora;Dop1R1;dac;dlp;dlg1;CG7646;cpx;bru3;Rbp;stai;Gfrl;Ric;RhoGDI;VAChT;bun;Con;5-HT1B;Snap24;CG42788;Ca-beta;CG32085;CG4502;CG5890;CG9171;Cals;mGluR;Elk;Cip4;stv;Cdk5alpha;Cow;Spn;CG4596;Drep2;CanA-14F;Plc21C;CoRest;osa;Dsp1;da","VAChT;Hs3st-A;ChAT;bru3;Optix;nvy","wun2;Prosap;Irk2;CG10365;Lsd-2;RapGAP1;Eno;CG13124;CG17841;CG42788;CG12065;Synd;Dll;fabp;Efa6;nuf;Pkn;glob1","cpx;kn;Vha13;CG5890;Nckx30C;nwk;tup;5-HT2A;CG34351;luna","mab-21;cpx;RapGAP1;twz;TfAP-2;CG2082;Nckx30C;Vha13;nwk;CG34351;CG34384;Sfxn1-3;CG42668;Rh7;sfl","acj6;VAChT;Cow;Hs3st-A;Hk;kn;Cadps;Gfrl;CanA-14F;Spn;tup;AstC-R2;eag;CG42668;orb2;Rh7;Ucp4A","Pkn;Lsd-2;Irk2;fabp;nuf;CG17841;Eno;CG8312;CG9220;CG10365;CG13124;Nipsnap;Sin3A;Dop1R1;MSBP;CG12065;Dll;ens;Synd;NTPase;tud;glob1;CG8176;CG17271","bru3;Rfx;pros;unc-13-4A;scro;Sytbeta;CG15537;Fas3","Optix;Dll;bru3;pros;ChAT;Cals;Rbp9;unc-13-4A;Cbp53E;Sytbeta;CG15537","Optix;Pka-R1;bru3;Rim;pros;unc-13-4A;Dop1R1;Con;CG7646;RapGAP1;X11Lbeta;dlp;LRR;5-HT7","scro;VAChT;Cbp53E;Fas3;Hs3st-A;CG5890;ChAT;AstC-R2;Nckx30C;Syt7;CG7646;sbb;CG2082;Rop;kcc;CG15537;CG34351;twz","scro;VAChT;Rbfox1;Hs3st-A;luna;Hk;Nckx30C;ChAT;Gfrl;Syt7;kcc;Cadps","scro;glob1;cpx;VAChT;Gfrl;Nckx30C;ChAT;Rh7;CG10082;CG42668;dlg1;Cow;CG13920;Hs3st-A;CG1814;Cadps;NfI;RyR;ND-MWFE;Cdk5alpha;SLO2;dac;TfAP-2","cpx;Syx1A;Vha13;Rh7;tup;Ggamma1;Dll;Nckx30C;Rop;kcc;Sfxn1-3;Syngr;luna;mtt","pros;CG4502;dac;stai;CG7646;Rbp;cora;CG8500;Plc21C;Gfrl;Rim;dlg1;cpx;Ric;Dop1R1;CG17841;CG5890;Pka-R1;RhoGDI;CanA-14F;VAChT;Elk;CG2865;Cdk5alpha;CG12531;Ca-beta;Snap24;Cow;tai;Dsp1;ICA69;unc-13-4A;Gug;CG9171","Irk2;Vha13;Eno;Rop;Cbp53E;stv;Pfdn1;CG8187;ChAT;VAChT;Syt7;Gfrl;Mlf;kcc;nmo;CanA-14F;cpx","acj6;Fas3;VAChT;5-HT2A;Nckx30C;Hs3st-A;RhoGAP93B;CG2082;Hk;TfAP-2;eag;CG34384","","Rh7;Nckx30C;Cbp53E;Con;scro;VAChT;Hs3st-A;ChAT;CG12502;5-HT2A;CG34351;glob1;Gfrl;Cow;mGluR;Rab3-GEF;Syt7;CG34384;NTPase;CG16717;CG42322;tamo;Mctp;CG8500;ND-MWFE;Pak;Cadps;NfI;CG42668;CG9171","acj6;tup;kn;ChAT;VAChT;Rbp9;Uch;SLO2;glob1;pros;CG34384;nmo;CG10137;CG1814;Ric;CG15537;CG2082","CG7646;RhoGDI;dlg1;Bsg;bun;CG42322;stai;Dop1R1;dac;CG42788;Gfrl;cora;VAChT;Hs3st-A;CG32276;CG4596;unc-13-4A;Dhit;Snap24;5-HT1B;Cals;Pkn;Cdk5alpha;ICA69;Spn;Elk;mGluR;Pka-R1;Galphaq;Rbp;Ric;CG17271;Task7","Sytbeta;pros","pros;sd","acj6;Cbp53E;scro;Frl;TfAP-2;VAChT;Hk;Hs3st-A;CG2082;Rbfox1;Con;CG10082;eag;SLO2;stv","CG1265;kcc;Vha13;ND-MWFE;Cbp53E","acj6;Con;Cbp53E;CG2082;mtt;TfAP-2;scro;VAChT;Hk;stv;Gfrl;SLO2;CG34351;Rbfox1;RapGAP1;Hs3st-A;5-HT2A;eag;Rop","","Irk2;Ect3;Lsd-2;CG12065;CG8312;Pkn;CG13124;Eno;Asph;glob1;nuf;CG10365;CG17841;Sin3A;Dll;Nipsnap;Ids;Dop1R1;CG9220;NTPase;Synd;MSBP;fabp;CG16721;wun2","bru3;Sytbeta;CG15537;Rfx;AstC-R2;nmo;pros;Uch;CG32369;VhaAC45;Sfxn1-3;Gdi","CG34351;orb;Nckx30C;AstC-R1;Prosap;X11Lbeta;5-HT1B;jp;scro;kcc;Gfrl;Synd;stai;SIFaR;DCP1;Hk;Cow;Ephrin;Syt7;CG9164;lilli;CG9384;mim;MrgBP","Sytbeta;Pka-R1;bru3;unc-13-4A;VhaAC45;CG15537","CG34384;Nckx30C;scro;orb;Cbp53E;CG9164;stai;sra;SIFaR;cpx;Frl;Fas3;Con;Syt7;Gfrl;CG9384;Syngr;CG10082;Pli;RhoGAP93B;tai;ND-MWFE;sfl;Hk;Kif3C;siz;SPoCk;Rab3-GEF","Cbp53E;scro;nmo;Fas3;RapGAP1;AstC-R2;VAChT;5-HT2A;CG10082;tai;Hs6st;Mctp;CG2082;luna;mtt;Gfrl","Cbp53E;scro;Rbfox1;5-HT2A;Rh7;Nckx30C;VAChT;Hk;stai;CG9171;Syt7;glob1","ple;scro;bru3;CG15537;nvy;VhaAC45;Con;glob1;Sytbeta;Dop1R1;CG34384;RhoGAP102A;stai;Cals;CG4502;sfl;bru1;Uev1A;Lerp;5-HT2A;AstC-R2;SLO2","vsg;CG12065;alpha-Est1;CG17760;CG32276;Prosap;RhoGAP16F;cora;Lsd-2;ush;CG8312;nuf;Frl;arg;Uch;Sfxn1-3;CG4038;MSBP;CG5902;CG13124;luna","dve;bru3;Sytbeta;pros;Lerp;Gdi;tai;VhaAC45;CG17841;mab-21","Con;scro;Cbp53E;Nckx30C;VAChT;TfAP-2;SLO2;Pli;Cow;Hk;CG12502;ChAT;stan;Rbfox1;twz;Rh7;CG7646;Syt7;unc-13-4A;CG34384;Hs3st-A;Pak;CG1814;galectin;mGluR;CG42668;RhoGAP93B;CG13920;mim;NfI;CG8500;Drep2;NTPase","Uch;Gdi;CG17841;CG32276;Sytbeta;Cow;stai","bru3;Sox21a;pros;dac;TfAP-2;Sytbeta;VAChT;AstC-R2;ChAT;5-HT2A;Ric;Pka-R1;Rbp9;nvy;Fas3;PlexA;unc-13-4A;luna","mab-21;TfAP-2;cpx;CanA-14F;nmo;luna;Ggamma1;tai;AstC-R2;CG12531;CG34384;nwk;VhaAC45;sbb;Plc21C;kcc;Wee1","kn;tup;stai;Prosap;Pka-R1;cpx;CG5890;bru3;Rim;Syx1A;Ggamma1;nwk;nmo;mGluR;Vha13;Syt7","CG10737;tou","Cbp53E;scro;TfAP-2;Hk;CG34351;VAChT;glob1;nmo;Rbfox1;RhoGAP93B;Fas3;mGluR;SLO2;Gfrl;Con;Nckx30C;CG34384;5-HT2A","cpx;AstC-R1;scro;stai;Prosap;CG2082;bru1;AstC-R2;dac;sra;5-HT2A;stv;Sfxn1-3;CG34351;Syt7;RapGAP1","Galphaq;yps;RhoGDI;CG31038;Synd;Pkn;Rbp9;Uev1A","kn;luna;Irk2;kcc;CG2082","cpx;mab-21;Nckx30C;tup;RapGAP1;CG5890;5-HT1B;Vha13;Sfxn1-3;Syngr;CG2082;Syt7;nwk;CG34351;CG10082;orb;dlg1;bru1;mtt;Rop;SPoCk;kcc;stj;CG13920","asrij;tai;galectin;Wee1;yps","orb2;Rbp9","luna;cpx;Nckx30C;Plc21C;bru3;CG2082;kcc;dlg1;ChAT;CG13920;RapGAP1;CG9384;Syt7;CG12531;CG1814;Gug;tai;galectin;ND-MWFE;stj;sxc;Syngr;RhoGAP93B","","fabp;Cyp4ac3;glob1;Irk2;Lsd-2;CG13124;CG8312;Pkn;CG10669;Sin3A;CG32369;nuf;NTPase;Dop1R1;CG12065;CG10365;RapGAP1;Ect3;vsg;Frl;CG8176;MSBP;scro;ens;CG17841;Eno;cora;CG17271","Rh7;tup;cpx;5-HT2A;CG2082;Ggamma1;luna;Cbp53E;Vha13;Syx1A;Eno;Sfxn1-3;Syt7;Rop;Syngr;nwk;ND-MWFE;stai;stj;mtt;ens;Dop1R1;sra;Synj;SPoCk;twz","bru3;pros;Optix;stai;CG12502","scro;ChAT;CG2082;dac;VAChT;cpx;Cbp53E;stv;5-HT2A;CG32369;Syt7;SLO2;Gfrl;nuf;bru1","Tdc2;Sox21a;5-HT2A;Fas3;Sytbeta;bru3;VhaAC45;mtt;Pka-R1;CG15537;LRR;5-HT7;CG12531;Gdi;Elk;Ca-beta;twz","Dll;cpx;CG2082;Bsg;Nckx30C;RapGAP1;5-HT2A;sra;Syngr;CG10082;nwk;stj;Sfxn1-3;Kif3C;stv;CG8500;Synd;galectin;kcc","Mipp1;CG13124;CG2082;nuf;Lsd-2;Frl;CG12065;CG8312;Synd;NTPase;vsg;yps;Optix;MSBP;CG4038;ens;fabp;CG17841;CG32276;Irk2;cora;Uch;CG17271;Fas3;tud","cpx;nmo;CG2082;ple;TfAP-2;Hk;RhoGAP93B;CG32369;ND-MWFE;CanA-14F;orb2;kcc;AstC-R2;NfI","","CG2082;CG8312;Frl;Optix;Eno;NTPase;nuf;Fas3;CG13124","Bsg;CG2082;dve;Lsd-2;Ect3;Tep2;ry;Mipp1;fabp;nuf;MSBP;CG8312;Synd;vsg;NTPase;atl;CG13124;CG32276;VhaAC45;Asph;CG17841;Eno;Non2;siz;Nipsnap;CG8176;CG16721","","nvy;Spn;dlg1;ChAT;glob1;CG5890;mtt;Gfrl;VAChT;nmo;tai;RhoGAP93B;stai;CG2082;Pli;ND-MWFE;CG2865;Syt7;Hs3st-A;Uch;CG32369;Ucp4A","twz;mab-21;TfAP-2;luna;tai;Sfxn1-3;CG34384;Rim;CG2061;CG34351;cpx;Syngr;nmo;Pfdn6;SPoCk;MSBP","kcc;dve;SIFaR;unc-13-4A;bru3;AstC-R1;CG2082;AstC-R2;scro;cpx;CG10082;stai;Sfxn1-3;Nckx30C;CG16721;tai;Vha13;CG34384;Syt7;Efa6;Syngr;RapGAP1;siz;Lerp;Plc21C;SPoCk;CG34351;Rab3-GEF;Synd;5-HT2A;tamo;sxc;bun;stj;Rop;ND-MWFE;stv;nwk;CG42322;Ca-beta","VAChT;pros;acj6;Ehbp1","fabp;Tsp;IRSp53;Lsd-2;5-HT2A;CG13124;CG17271","RapGAP1;X11Lbeta;cpx;Rh7;bru1;Nckx30C;Dll;sra;eag;kcc;CG2082;Syt7;CG32085;Synd;nwk;CG1814;Eno;chico;Rim;Sap130;stj;unc-5;Dsp1","CG5890;stai;scro;Cbp53E;unc-13-4A;CG34384;luna;twz;CG32137;Con;Rab3-GEF;Plc21C;tai;Nckx30C;CG9384;stj;stv;Rim;CG9164;CG4502;eag;Sfxn1-3;Drep2;Uch;Hs6st;Syngr;Hk;Cadps;CG13920;kcc;Eno;CG1265","Irk2;CG13124;Ect3;Frl;Pkn;CG12065;Asph;CG17841;nuf;CG8312;CG10365;tud","CG7646;nvy;Bsg;Sytbeta;5-HT7;DIP-iota;ush;unc-13-4A;pros;glob1;stai;bru3;5-HT2A;SPoCk;sfl;ICA69;CG32137;Ca-beta;X11Lbeta;Hs6st;Rh7;bun;Ric;cora;Cdk5alpha;CG34351;Cals;sxc;CG10137;CG13920;CG13293;CG5890;Syngr;Elk","glob1;Mipp1;Gbs-70E;CG7768;fabp;CG10737;MSBP;Irk2;Lsd-2;CG8312;Ubqn;vsg;rngo;CG17841;Synd;CG4038;Uev1A","fabp;nuf;CG13124;CG9220;Frl;Pkn;Ids;Eno;NTPase;scro;CG17841;dlp;CG8312;glob1;CG2082;CG17271;yps;vsg","","Optix;Fas3;Tdc2;AstC-R2;bru3;Pka-R1;Dop1R1;CG42788;Rbfox1;Rh7;Plc21C;Sytbeta;eag;CG5890;5-HT2A;Cow;stan;CG2082;glob1;RapGAP1;nmo;X11Lbeta;Ric;5-HT7;ChAT;sbb;Cals;SLO2;Hs3st-A;CG4596;AstC-R1;sfl;rho-5;Gdi;dtn;lilli","schlank;ptc;Mipp1;CG13124;CG4562;CG8312;CG16721;Frl;CG4502;glob1;Pka-R1","nmo;IRSp53;CG34384;CG8312;Rfx;Art1;Gfrl;fabp;Uev1A;Uch;CG4502;Sytbeta;CG32369;stai;homer;vsg;CG17271;CG32276;Non2;Pka-R1;Ostgamma;SPoCk;Gdi;stv;CG4038;yps;eIF2gamma;Tdc2;sfl;VhaAC45;CG32944"
"Oligodendrocytes","","mbl","Ddc;Pdcd4;Con;Kank;Pcd;twz","Ddc;mbl;twz;Kank","mbl;CG33181","mbl;Ank2;Hsp67Ba","scro;Cbp53E;nmo;X11Lbeta;NetB;Gfrl;luna","Hsp67Ba","cora;kuz;dlp;dnc;dlg1;Appl;cpx;Rbp;stai;Gbeta13F;Gfrl;igl;Con;5-HT1B;CG43658;Ndae1;CG5890;Elk;C3G;Pcd;Dhpr;Cka;Plc21C;Cdc37;mmd;CG17124","ringer","CAH1;wun2;bbc;Lsd-2;Syb;RapGAP1;Eno;CG13124;CG17739;AdSS;CG17841;Ptp4E;fray;scf;CG7149;lqf;Pkn;CdGAPr;glob1","cpx;CG5890;Nca;EndoA;luna","cpx;RapGAP1;twz;CG2082;Sdc;EndoA;app;Rh7","CG33181;igl;mbl;Appl;Gfrl;CG43658;CG17124;Nca;Rh7;app","CAH1;Pkn;Gel;Lsd-2;CG17841;Eno;CG8312;sgl;mdy;CG13124;pbl;Adi1;CG3328;Baldspot;Syb;Moe;su(r);CG7149;Dmtn;Plod;fray;CG17739;lqf;Tspo;glob1;CG8176;bbc;stck","Ddc;Pdcd4;Pcd;scro;Hsp67Ba;Fas3","Six4;mbl;Ddc;Pdcd4;Pcd;Cbp53E","Ddc;Appl;MYPT-75D;Pcd;Con;RapGAP1;X11Lbeta;CG43658;dlp;NetB","scro;Cbp53E;Fas3;CG5890;ringer;CG2082;kcc;ttv;twz","scro;luna;Liprin-gamma;Gfrl;Nca;kcc","scro;glob1;cpx;Gfrl;Rh7;dlg1;CG33181;Pect;Ndae1;Pink1;RyR","cpx;Syx1A;Rh7;Ggamma1;Nca;igl;EndoA;kcc;luna","Appl;stai;Rbp;cora;Plc21C;Gfrl;dlg1;cpx;CG17841;CG5890;Elk;CG33181;igl;Ndae1;Pcd;Dhpr;mmd;CG17124;ringer","Eno;Cbp53E;CG1161;Pcd;ringer;Gfrl;kcc;nmo;cpx;Hsp67Ba","Fas3;CG2082;CG43658;Liprin-gamma;Kank","","Rh7;igl;Cbp53E;Con;scro;CG12502;glob1;Gfrl;mmd;CG8300;Sdc;ttv;Nmnat;Tango5;Alas;RhoGAP100F","mbl;glob1;igl;Moe;nmo;CG33181;Ank2;CG2082","dlg1;Appl;Bsg;igl;stai;Gbeta13F;CG43658;dnc;Gfrl;Ndae1;cora;Cka;CG33181;CG17124;5-HT1B;CG9646;C3G;Pkn;Elk;Pcd;Rbp;gus;Task7;unc80","NetB","mbl","Cbp53E;scro;Liprin-gamma;CG2082;otk;Con;CG8300;CG43658","Hsp67Ba;kcc;mbl;igl;Cbp53E","Con;Cbp53E;CG2082;scro;CG43658;Gfrl;RapGAP1","Mlp60A","CAH1;Lsd-2;CG17739;ninaG;CG8312;Pkn;CG13124;Eno;Gel;Syb;mdy;pbl;scf;glob1;CG3328;CG17841;sgl;su(r);Pect;fray;bbc;CG7149;CREG;Plod;Moe;aph-1;Adi1;wun2;Baldspot","nmo;Pcd;CG43658;Spase22-23;Moe;CG5174;TMS1;Dhpr;Sdc;Hsp67Ba","Appl;X11Lbeta;Plod;5-HT1B;dnc;scro;Gbeta13F;NetB;kcc;Gfrl;Men;app;stai;CG8300;Ptp4E;Pi3K21B;Ephrin;Ziz;unc80;Unc-76;Ac3;CG9164;Baldspot;CG17124;ringer","Ddc;Pcd;Dhpr","scro;Cbp53E;CG9164;stai;cpx;Fas3;Con;otk;Gfrl;CG17124;KrT95D;Pli;CG3860;Gbeta13F;EndoA;SPoCk","Cbp53E;scro;nmo;Liprin-gamma;Fas3;RapGAP1;igl;otk;CG2082;luna;Gfrl","Cbp53E;scro;Rh7;igl;CG17124;stai;CG33181;glob1;MYPT-75D","Ddc;Dhpr;Appl;mbl;Pcd;scro;Con;glob1;ringer;stai;app","Syb;Gel;scf;alpha-Est1;Traf4;CG3328;Moe;Zasp52;magu;CG5174;cora;Lsd-2;Snx1;CG17739;CG8312;CG8300;Plod;ATP7;CG17124;Tspo;Adi1;Swip-1;mys;Men;Aldh-III;parvin;CG13124;AdSS;Spase22-23;luna;kuz","mbl;Pcd;Dhpr;Men;CG17841","Con;scro;Cbp53E;Appl;Sdc;Pli;CG12502;twz;Rh7;ttv;CG8300;Alas;Nmnat","mbl;Men;Dhpr;GABPI;CG5174;CG17841;Ank2;Spase22-23;Pcd;Hsp67Ba;stai;Ndae1;TMS1;ringer","Sox21a;Ddc;Pdcd4;Pcd;Fas3;ringer;MYPT-75D;ttv;luna","igl;cpx;nmo;luna;Ggamma1;Nca;EndoA;CG33181;Sdc;Plc21C;CG43658;kcc;MYPT-75D","stai;cpx;CG43658;igl;CG5890;Syx1A;Ggamma1;Liprin-gamma;app;kuz;Nca;nmo","Moe;mbl","Cbp53E;scro;mbl;glob1;nmo;NetB;CG8300;Sdc;Alas;igl;Fas3;CG33181;Kank;app;Gfrl;Appl;Con;CG43658","cpx;scro;stai;CG2082;Ndae1;RapGAP1","CG17739;ninaG;lqf;CAH1;CG31038;Moe;Ank2;Pkn;mbl","igl;CG43658;luna;kcc;CG2082","cpx;MYPT-75D;RapGAP1;CG5890;run;EndoA;5-HT1B;CG3860;CG17124;CG2082;dlg1;SPoCk;kcc;stj;rogdi;CG13603","Tspo;CG33181;Men;Nmnat","","igl;luna;app;cpx;Ddc;Plc21C;CG2082;kcc;Appl;Drat;dnc;dlg1;Pect;kuz;MYPT-75D;Scgdelta;RapGAP1;ringer;stj","","Gel;glob1;Ddc;Lsd-2;CG4301;MYPT-75D;CG3328;Zasp52;CG13124;CG8312;Pkn;pbl;CG10669;AdoR;Pect;mdy;Syb;Adi1;RapGAP1;fray;CG7149;CG43658;sgl;Tspo;CG8176;Moe;AdSS;Dmtn;scro;stck;CG17841;Eno;cora;Mitf","Rh7;cpx;AdoR;CG2082;mbl;Ggamma1;luna;Cbp53E;Syx1A;Eno;EndoA;Dap160;Drat;rogdi;stai;stj;dnc;Nca;Synj;SPoCk;CG3860;twz","Pdcd4;mbl;stai;CG12502","mbl;scro;CG2082;ttv;igl;cpx;Cbp53E;Gfrl","Sox21a;Pcd;NetB;Fas3;RhoGAP100F;Swip-1;Gbeta13F;Dhpr;Moe;CG43658;Elk;TMS1;twz;ringer;Hsp67Ba","NijC;cpx;CG2082;Bsg;RapGAP1;Men;Pect;Scgdelta;Ddc;Cka;CG3860;Drat;stj;KrT95D;Appl;EndoA;kcc","CG17739;Syb;CG13124;CG2082;scf;magu;Lsd-2;CG1674;CG4301;Moe;QC;CG43658;AdSS;CG8312;Adi1;Tspo;Gel;parvin;CG17841;cora;Fas3","cpx;nmo;Scgdelta;CG2082;Nca;CG33181;Nmnat;kcc","Aldh-III;Tspo","Ndae1;CG2082;CG8312;Eno;Fas3;CG13124;Syb;Dmtn;Moe","Bsg;scf;CG4301;CG2082;CG17739;Lsd-2;QC;Syb;pbl;CG43658;CAH1;magu;fray;su(r);CG8312;Moe;Adi1;CREG;AdSS;atl;CG13124;CG17841;tmod;Pink1;Eno;CG8176;Snx1","","mbl;app;dlg1;glob1;CG5890;Gfrl;nmo;stai;dnc;CG2082;Pli;Drat;Alas;Cka;Pink1;Unc-76","twz;MYPT-75D;Sdc;luna;cpx;ringer;nmo;SPoCk;igl","kcc;Sdc;igl;CG2082;scro;cpx;app;Men;stai;Dmtn;ringer;Ndae1;Ac3;CG3860;RapGAP1;KrT95D;Plc21C;SPoCk;stj;maf-S;Drat;CG17124;unc80;EndoA","Kank","lft;QC;Swip-1;Tspo;Lsd-2;Moe;Syb;CG13124;Gel","RapGAP1;Appl;X11Lbeta;cpx;Rh7;Pect;kcc;CG2082;Cka;Eno;Drat;chico;stj;parvin","CG5890;Sdc;stai;scro;Cbp53E;luna;twz;Con;Plc21C;stj;Drat;Dap160;CG9164;Gbeta13F;RhoGAP100F;CG3860;kcc;Eno","CG13124;Gel;Syb;Pkn;CG17739;Adi1;Moe;CG17841;CG8312;Baldspot;Ndae1;Pect;CG7149","Mcm5;Bsg;Appl;DIP-iota;Pcd;glob1;stai;Ndae1;CG9646;SPoCk;C3G;Dhpr;Gbeta13F;X11Lbeta;Rh7;Drat;cora;Cka;Cdc37;rictor;Moe;CG33181;Dmtn;Spase22-23;CG5890;Elk","glob1;Baldspot;lft;AdSS;QC;Syb;Tspo;Adi1;Lsd-2;CG8312;fbl;CG17841;Moe;Coprox","Baldspot;Gel;AdSS;Syb;Tspo;CG13124;AdoR;Pkn;Eno;scro;CG17841;Adi1;dlp;CG8312;glob1;Moe;CG2082;Snx1","","Fas3;dnc;Ndae1;Pcd;Rh7;Plc21C;Appl;CG5890;NetB;CG43658;CG2082;Ddc;glob1;RapGAP1;nmo;X11Lbeta;Sdc;TMS1;Moe;Kank;Drat;MYPT-75D;CG10465;rho-5;CG9646;dtn","NijC;schlank;QC;CG13124;CG8312;CREG;Syb;Dph5;fbl;Kank;glob1;igl","nmo;AdoR;CG43658;CG8312;igl;Pcd;Gfrl;AdSS;stai;Dhpr;CG3781;Men;Dmtn;Tspo;unc80;Hsp67Ba;Spase22-23;CG5174;SPoCk;Unc-76;eIF2gamma;CG32944;Drat"
"Endothelia","","","heph;Kank;CG3662;twz","twz;Kank;rgn","","CG3262;sta;Hsp67Ba","cindr;nmo;Ace;Hk;X11Lbeta","Hsp67Ba;Gadd45;Hsf","kuz;PVRAP;bun;Trpm;CG13784;pyd;rgn;eIF3e;Elk;Cip4;Cow;Magi;CG17272","","Chd64;CG1358;Irk2;Syb;RpL27;RpL17;RpS24;CG2493;scf;Nhe3;kibra;RpS16;CG12384;Irk3;fabp;Su(Tpl);CHMP2B;CalpB;Pkn","kn;Ip259;5-HT2A","twz;cu;cindr;CG18815;CG34384;CG32264;PVRAP","Cow;Hk;kn;rgn;cindr;Ace;pyd;sta","trol;Pkn;Gel;Irk2;CG2277;Irk3;fabp;RpL17;CG8312;kibra;pcs;CalpB;RpL27;CG2493;RpL35;Syb;CG1358;mav;RpS16;ifc;AGBE;Chd64;CtsB1;CrebA;Rho1;CG18135;AnxB11;stck;ome;pyd;Esyt2","heph;Hsp67Ba;CG32809;Fas3","CG32809;CG13743","heph;CG13784;X11Lbeta;pyd","Ace;Fas3;cindr;rgn;twz","cindr;Ace;Hk;CG18135","slp1;Tina-1;cno;mav;Ip259;Cow;ko;CG1358;RpL35;CG18815;ome;RyR","Sap47;Ggamma1;PVRAP;Ip259","Cks85A;Gprk2;Magi;Elk;ome;pyd;rgn;CG17272;AnxB11;eIF3e;PVRAP;Cow;JIL-1;CG13784","Irk2;CG3662;CG17272;CG5903;Ace;nmo;Hsp67Ba","Fas3;mav;cindr;Ip259;5-HT2A;Ace;Hk;RpS24;rgn;Kank;CG34384","","Ace;5-HT2A;trol;cindr;Cow;Rph;mav;Fim;CG34384;CG13784;Esyt2;SelR;Tina-1;RpL27;bwa;osp;Ip259","kn;rgn;Ace;CG1635;CG34384;yki;nmo;CG9231;cno;Tina-1;CG18815","Bsg;bun;CG32264;Gprk2;PVRAP;eIF3e;CG17272;CG13784;Magi;rhea;cno;Pkn;Elk;vtd;eIF3h;eIF3m;Trpm;Task7;Tina-1","CrebA;pyd","sd;heph","rgn;CG1358;Hk;Ace;Tbh;Ip259;mav","CG9231;CG1635;Hsp67Ba;CG18815;CG5903;CG3662","Hk;CG32264;Gprk2;Rph;CG32809;Ace;Tbh;5-HT2A;esn;Chd64;mav","Mlp60A","Irk2;trol;CG1358;CG2277;CG8312;Pkn;Inos;Gel;Syb;kibra;Irk3;Debcl;scf;CG1941;CG2493;RpL17;pcs;CalpB;Chd64;mav;AGBE;Rho1;fabp;RpS16;CG12795;CG18135;CG16721;AdipoR","Dr;Tbh;CG32264;nmo;Magi;CtsB1;CG5174;CG17272;CrebA;CG12384;CG32809;RpL4;Hsp67Ba","ome;CG13784;cindr;Cks30A;X11Lbeta;trol;Tina-1;RpL23;Gadd45;ASPP;Syn1;RpL27;Ace;Hk;Cow;Ubc10;beta-Spec;Ephrin;CG5059;eIF3h;CG9164;eIF3e","","CG1358;CG34384;Fim;Ace;CG9164;RpL23;Fas3;Syn1;Tina-1;eIF3m;ASPP;CG18815;sws;SelR;sqh;Hk;CG18135;RpL35;CHMP2B;SNRPG;SPoCk;Gadd45","pyd;nmo;Ace;Fas3;5-HT2A;Esyt2;Syn1","5-HT2A;Ip259;Ace;Hk;Tbh","CG13743;CG34384;cno;5-HT2A","Inos;CtsB1;vsg;crq;srp;Syb;Gel;Rho1;Chd64;CG2493;scf;RpL27;RpS16;RpS7;Zasp52;magu;RpL17;AnxB11;CG5174;RpL35;sqh;ham;RpL4;RpS18;CrebA;Best1;sta;CG8312;RpS24;kibra;bwa;Prosbeta1;ifc;Esyt2;mys;cu;CG3662;Gadd45;Arp3;Nlp;CG31717;Rok;CG12384;AdipoR;CG5059;CG5902;Papst2;kuz","CrebA","heph;Ace;Cow;Fim;Hk;twz;cno;Gprk2;eIF3m;CG34384;CG18815;Ip259","rhea;AnxB11;CG34325;CG9231;CrebA;CG14207;CG5174;RpS7;Hsp67Ba;beta-Spec;Cow;RpS16;RpL27;RpL4;RpL17;RpL38;RpL35;sta;RpL31","Sox21a;pyd;5-HT2A;CG32809;CG3262;Fas3;osp;rgn","heph;CG32264;nmo;Ggamma1;cindr;Ip259;CG34384;RpL35;CG18135;Syn1;Wee1","kn;Ggamma1;kuz;nmo;cindr","Rpb12","Hk;Ace;trol;nmo;Fim;Fas3;Kank;ome;CG34384;5-HT2A","RpL23;CG1358;5-HT2A;Tina-1;Tbh;vari;Fim","Pkn;Inos;Chd64","kn;Irk3;AnxB11;Irk2;Ace;Tina-1","Sap47;CG1358;SPoCk;CG3662","sta;Hmgs;Gadd45;eIF3m;Su(Tpl);Wee1;Inos","","CG32264;Ace;pcs;cindr;Drat;kuz;Tina-1;Fim;CrebA;CG13398;eIF3m;bwa","","fabp;Irk3;Gel;Irk2;CG4301;Zasp52;kibra;CG8312;Pkn;pyd;CG10669;CG2493;CalpB;AdoR;CG6424;AnxB11;Syb;RpL27;Debcl;CrebA;Trpm;CtsB1;mav;Rho1;vsg;CG2277;RpL35;CG5059;CG12384;ACC;ifc;Esyt2;Inos;AGBE;stck;CG9662;Nhe3;cu","PVRAP;5-HT2A;ome;AdoR;Ggamma1;PIP5K59B;CG18815;Dap160;Drat;Tina-1;Ace;cu;CG13743;Ip259;SPoCk;twz","slp1;PVRAP;CG3262;Diap2;CG34404;cno","cindr;osp;ko;5-HT2A;cno","Sox21a;Tbh;Gprk2;5-HT2A;Fas3;Nlp;Magi;CG13743;Tina-1;CG32809;sqh;Prosbeta1;Elk;rgn;twz;Hsp67Ba;Piezo","Bsg;Chd64;5-HT2A;cindr;RpL23;pyd;Drat;CG18815;Tina-1","RpS18;RpL17;Syb;RpS16;RpL27;scf;magu;RpS24;CtsB1;RpL23;kibra;trol;CG14207;CG34325;RpL35;CG4301;Rho1;RpL4;AnxB11;CG2493;CG10444;CG8312;Debcl;slp1;sqh;Gel;Chd64;rhea;CG12384;sta;vsg;Ipk2;rgn;Nlp;Magi;fabp;Prosbeta1;Pomp;Esyt2;CG5059;ras;ACC;Rpb12;Irk2;Fas3","CG32264;Ip259;nmo;RpL35;Hk","CG33178;heph","Gli;CG8312;Irk3;ko;Fas3;vari;cu;Syb;AnxB11;Chd64","Bsg;RpS18;scf;CG10444;RpL17;CG4301;RpS16;RpL27;RpL35;RpS7;Gprk2;trol;Tep2;Syb;RpS24;RpL38;CG2493;CG2277;RpL23;fabp;AnxB11;kibra;RpL4;Magi;ifc;magu;CG8312;vsg;CtsB1;AGBE;sta;ras;CG6424;atl;CG9231;foi;Rho1;tmod;Nlp;CG31729;sqh;CG16721;CG12384;eIF3h;crq;rhea;CG18135","","CG32264;CG1358;nmo;ASPP;CG13743;rgn;Ace;Drat;CG5903;CG13398;Tina-1;CG1635","heph;twz;CG32264;cindr;Sap47;Syn1;CrebA;CG34384;CG1635;nmo;SPoCk;CG3262;CG9231;Gadd45;CG3662","Fim;RpL23;trol;Sap47;CG16721;CG32264;CG34384;SPoCk;CG18815;5-HT2A;sws;bun;Ace;CG18135;Syn1;Gadd45;CtsB1;CG1358;Drat;CG3662;Hsf","Kank","fabp;Tsp;5-HT2A;AdipoR;RpS16;AGBE;Syb;RpL27;eIF3h;Gel","X11Lbeta;RpL23;Tina-1;CG32264;Drat;mav","CG34384;twz;CG32137;CG1358;Drat;Dap160;CG9164;cno;bwa;CG1635;Hk;Sap47;Rph","Irk2;trol;Gel;Syb;Irk3;Pkn;CG2277;RpL4;kibra;CG8312;crq;Esyt2;RpL27;Ace;RpS16;mav;Chd64;RpL17","Dr;Gprk2;Tbh;Sap47;Bsg;Trpm;ome;5-HT2A;SPoCk;cno;CG32137;X11Lbeta;CG9231;bun;Drat;eIF3e;Elk","CG33178;Sc2;fabp;RpL17;RpS16;RpS7;RpL27;ACC;Ccm3;RpL23;RpL4;CtsB1;Dr;CG34325;Syb;RpL31;RpS18;CG10939;CG7497;sta;RpS24;Irk2;RpL35;Rho1;Crag;CG8312;kibra;vsg;vari;CG12384;eIF3h;CG9662","fabp;Irk3;Gel;CG1358;CalpB;Syb;RpL17;RpL35;AdoR;RpS7;CG2493;Pkn;AnxB11;RpL23;RpS16;RpL27;CG8312;Rho1;Inos;RpS18;ko;kibra;bwa;vsg","sws","Fas3;Esyt2;Tina-1;Magi;5-HT2A;Cow;Rph;nmo;X11Lbeta;Ace;esn;CG13784;Kank;CG13743;AnxB11;Drat;CG3402;CG10465;CG9231;Cks85A","CG7497;CG10939;CG4562;Prosbeta1;SelR;CG8312;CG14207;CG16721;Pomp;Syb;Kank;CG15387;PVRAP;CG5059;sqh","Tbh;nmo;RpS7;AdoR;CG34384;ham;CG8312;RpL23;RpL31;AnxB11;RpL4;RpL27;CG12384;fabp;Trpm;Arpc3A;sqh;CG3402;Gadd45;Arp3;RpS18;RpS16;RpS24;RpL17;eEF1delta;Magi;RpL35;vsg;kibra;RpL38;Hsp67Ba;Prosbeta1;sta;CHMP2B;CG5174;CG9662;CtsB1;SPoCk;eIF3e;CG17272;eIF3h;CG14207;osp;Nup37;CrebA;eIF2gamma;Drat;Nlp"
