Neuron,NonNeuronal
2700097O09Rik,2610301B20Rik
AI593442,A2m
AI606473,A2m
Ccdc184,AA387883
AU022754,AI182371
AW551984,AI450353
Cep170b,Myorg
Aars2,AI507597
Abca5,AI987944
Abcc8,Fam216b
Ablim3,AU041133
Abracl,AV051173
Acbd7,AW011738
Asic5,AW146154
Ache,Aass
Acr,Abat
Acsl4,Abcb9
Acta1,Abcc12
Actl6b,Abcc8
Adamts14,Abcd2
Adamts15,Abcd3
Adamts17,Abhd1
Adar,Abhd3
Adarb1,Abhd4
Adarb2,Abr
Gadl1,Acaa2
Adcy1,Acad11
Adcy8,Acad12
Adcyap1,Acadl
Adnp,Acadm
Adprhl1,Acadsb
Adra2c,Acadvl
Tle5,Acot1
Afap1,Acot11
Aff2,Acot2
Aff3,Acot5
Agbl4,Acox1
Agtpbp1,Acsbg1
Agtr2,Acsf2
Ahdc1,Acsl6
Ahi1,Acss1
Ahsa2,Acss2
Ajap1,Actr3b
Akap8l,Acvr1c
Akap9,Acyp2
Akr1b8,Adamts19
Alkbh8,Adamts3
Allc,Adamts5
Aloxe3,Adamts6
Amigo1,Adcy2
Ammecr1l,Adcy8
Amy1,Adcyap1r1
Angpt1,Add3
Ankhd1,Adhfe1
Ankrd24,Adk
Ankrd34a,Adora2b
Ankrd34b,Adra2a
Ankrd35,Grk3
Ankrd42,Aff1
Ankrd45,Agbl2
Ankrd50,Agfg2
Ankrd55,Agl
Ano5,Agpat3
Aox4,Agpat5
Ap1ar,Agrn
Ap3b2,Agt
Apba1,Ahcyl1
Apc2,Ahcyl2
Peg3os,Aifm3
Arfrp1,Ak4
Arg2,Ak7
Arhgap15,Akt2
Arhgap36,Aldh1a1
Arhgap39,Aldh1a2
Arhgap44,Aldh1l1
Arhgdig,Aldh4a1
Arid1b,Aldh5a1
Arid2,Aldh6a1
Arid4b,Aldh7a1
Arl13b,Aldoc
Armc2,Alms1
Armcx1,Alms1-ps2
Armcx4,Alpk1
Armcx5,Alpk3
Arx,Alpl
Asb3,Als2cl
Asgr1,Amer2
Asphd1,Amigo3
Ass1,Amot
Atad2b,Ampd2
Atad5,Amt
Atf2,Ank2
Atg9b,Ankrd16
Atl1,Ankrd40
Atn1,Ankrd9
Atp1a3,Zfand4
Atp2b1,Anxa9
Atp2b2,Aox1
Atp6ap1l,Ap4e1
Atp6v0a1,Apoe
Atp6v1g2,Appl2
Aurkb,Aqp4
Auts2,Aqp9
Avp,Arap2
B3galt1,Arhgap21
B3galt2,Arhgap26
B3gnt4,Arhgap32
B4galnt4,Arhgap42
B4galt6,Arhgap5
Plppr3,Arhgef12
BC021767,Arhgef18
BC024139,Arhgef26
BC030500,Arhgef33
Prr36,Arhgef4
Selenov,Arid4a
Bag4,Arl9
Baiap2l2,Arnt2
Baiap3,Arntl
Barhl2,Arntl2
Basp1,Arrdc3
Baz1b,Aspa
Baz2b,Aspg
Bcl11a,Ass1
Bcl11b,Aste1
Bcl7a,Asxl2
Bcl9,Atad2b
Begain,Atf7
Bend6,Pgghg
Bex1,Atl2
Bex2,Atp13a4
Bhlhe22,Atp1a2
Blcap,Atp1b2
Bmp5,Atp2b4
Bod1,Atr
Bpifa1,Atxn7
Brd1,Axin2
Brd2,Axl
Brd3,B4gat1
Brd7,BC006965
Brd8,BC016579
Brsk1,BC037032
Brsk2,BC064078
Bsn,Baalc
Btbd11,Bag3
C1qtnf1,Adgrb3
C1qtnf4,Bbox1
C2cd2l,Bcan
C3,Bcar3
Cip2a,Bckdha
Fam8a1,Bcl2
Caap1,Bcl2l12
Cabp7,Bcl2l15
Cabyr,Bdh2
Cacna1a,Bdkrb2
Cacna1b,Bdnf
Cacna1i,Bhlhe40
Cacna2d1,Bmpr1a
Cacna2d2,Bmpr1b
Cacna2d3,Bms1
Cacnb2,Boc
Cacnb3,Bola3
Cacnb4,Btaf1
Cacng2,Btbd17
Cacng3,Btd
Cacng5,C2cd4b
Cadm3,C4a
Cadps,C4b
Cadps2,Car2
Calb1,Car3
Calb2,Car5b
Calca,Calr4
Calm2,Camk2g
Caln1,Cap2
Caly,Capn11
Camk2a,Capns1
Camk2b,Caps2
Camk2n2,Capsl
Camk4,Capzb
Camkv,Car3
Camsap1,Car5b
Camta1,Car8
Car10,Caskin1
Casd1,Caskin2
Casp2,Casp8ap2
Casp3,Cat
Casz1,Catsper2
Cbln1,Cblb
Cbln2,Cbr3
Cbln4,Cbs
Cbx2,Cbx5
Cbx4,Kyat3
Cbx6,Cfap65
Cbx7,Ccdc113
Cc2d1a,Ccdc121
Ccbe1,Ccdc138
Mcub,Ccdc157
Ccdc116,Ccdc18
Ccdc120,Ccdc3
Ccdc148,Cfap100
Ccdc152,Ccdc60
Ccdc177,Deup1
Ccdc30,Ccdc80
Cep112,Ccdc84
Ccdc6,Ccdc88c
Bicdl1,Ccdc90b
Ccdc71l,Ccdc96
Ccdc73,Ccna1
Ccdc85c,Ccnd2
Cck,Ccno
Ccl27a,Ackr4
Ccl27b,Cd247
Ccnb1,Cd38
Ccnf,Cd44
Ccnt1,Cdc42ep1
Ccsap,Cdc42ep4
Cd164l2,Cdh2
Cd200,Cdk11b
Cd24a,Cdk5rap2
Cd274,Cecr2
Cd2bp2,Hdhd5
Cdc40,Celsr1
Cdh12,Ccp110
Cdh18,Cep350
Cdh4,Chd2
Cdh7,Chd6
Cdh8,Chd9
Cdh9,Chpt1
Cdhr1,Chrdl1
Cdk13,Chst1
Cdk2ap1,Chst2
Cdk5r1,Chsy1
Cdk5r2,Cideb
Cdkl1,Ckap5
Cdkl2,Ckm
Cdkl4,Clcc1
Cdkn1b,Cldn10
Cdon,Cldn20
Cdr1,Clec16a
Cds1,Clk2
Ceacam16,Clu
Celf3,Clybl
Celf4,Cmbl
Celf5,Nat8f1
Celf6,Nat8f2
Celsr2,Nat8f3
Celsr3,Nat8f5
Cend1,Cmya5
Cenpc1,Cnn1
Cep104,Cnn3
Cep120,Cntd1
Cep170,Cntfr
Cep170b,Col4a5
Cggbp1,Coprs
Cgn,Coro2b
Cgref1,Cox10
Chac1,Cox6b1
Chaf1a,Cpe
Chaf1b,Cpm
Champ1,Cpt1a
Chat,Cpt2
Chchd10,Crb2
Chd3,Creb3l4
Chd5,Crot
Chd6,Crtc3
Chd7,Crym
Chd8,Csdc2
Chd9,Csgalnact1
Chgb,Cspp1
Chn1,Csrp1
Chodl,Cst3
Chrm3,Ctbp2
Chrm4,Ctdspl
Chrm5,Cth
Chrna3,Ctnnbip1
Chrna7,Ctnnd2
Chrnb2,Cul7
Chrnb4,Cwc22
Chsy3,Cwf19l2
Cib2,Cybrd1
Cidea,Cyp1b1
Cilp,Cyp2j9
Cirbp,Cyp4f14
Cit,Cyp4f15
Cited2,Cyp4f16
Ckmt1,Cyp4f17
Clcn1,Cyp4f37
Tmem114,Cyp7b1
Cldn3,Ccn1
Clk4,Zfp267
Clrn1,Daam2
Clstn1,Dag1
Clstn2,Dagla
Clstn3,Dbi
Clvs1,Dbx2
Clvs2,Dclk1
Cmss1,Dclk2
Cnfn,Dctn1
Cnga3,Ddb2
Cnih2,Ddhd1
Cnih3,Ddit4l
Cnksr2,Ddo
Cnnm1,Ddr2
Cnr1,Ddt
Cnrip1,Decr1
Cnst,Dennd4c
Cntn2,Dgkb
Cntn3,Dhcr7
Cntn5,Dhrs1
Cntnap1,Dhrs4
Cntnap2,Dhtkd1
Cntnap3,Dhx32
Cntnap4,Dio2
Cntnap5a,Dlg5
Cntnap5c,Dlgap1
Coch,Dlk1
Col19a1,Dmd
Col23a1,Dmp1
Col24a1,Dnaic1
Col25a1,Dnajc25
Col6a2,Dnali1
Col6a4,Dock1
Cort,Dpf3
Cox7a1,Dpy19l3
Cpeb1,Drp2
Cpeb3,Dtna
Cplx1,Dync2h1
Cplx2,Dynlrb2
Cpne4,Dzip1l
Cpne5,Ech1
Cpne6,Echdc1
Cpne7,Echdc2
Cpne9,Echdc3
Crabp1,Eci2
Crabp2,Edil3
Crh,Ednrb
Crhbp,Eea1
Crhr2,Eepd1
Crmp1,Efhd1
Csnk1e,Efna4
Csrnp2,Egf
Cstf2t,Egfl6
Ctcf,Egfr
Ctif,Ehbp1
Ctxn2,Ehhadh
Cx3cl1,Eif2s3y
Cxcl12,Eif4g3
Cxxc4,Elf5
Cyb561,Elmo2
Cygb,Elmo3
Cyp2s1,Elovl2
Cyp46a1,Elovl5
Cyp4b1,Emp2
Cyp4x1,Enkur
Nrep,Entpd2
Arfgef3,Epb41l5
Plppr4,Ephb3
Dab2ip,Ephx2
Dach1,Erbb2
Dact1,Erbin
Dapk1,Etaa1
Ackr1,Etfa
Daxx,Etfdh
Dbn1,Evc
Dbndd1,Evc2
Dcaf7,Evi5
Dck,Exd1
Dclk3,Ezr
Dcp1a,F3
Dcx,Fabp5
Deptor,Fabp7
Dgke,Fads2
Dgkg,Fam117a
Dgkk,Fam120c
Dhx57,Fam135a
Diablo,Fam13c
Diras1,Fam168a
Diras2,Fam171b
Disp2,Fam181a
Dkkl1,Fam181b
Dlg2,Fam184a
Dlg3,Fam187a
Dlgap2,Fam193b
Dlx1,Mcrip2
Dlx1as,Gask1a
Dlx2,Fam20a
Dlx5,Prxl2a
Dlx6,Nxpe4
Dlx6os2,Garem1
Dlx6os1,Garem2
Dmrt3,Fam76b
Dmrta2,Fam83b
Dmxl2,Fars2
Dnah1,Fat1
Dnajb6,Fbp2
Dnajc27,Fbxl21
Dnajc6,Fbxo2
Dnajc9,Fdft1
Dner,Fga
Dnm1,Fgd4
Dnmt3a,Fgd6
Doc2a,Fgf1
Doc2b,Fgf2
Cbarp,Fgfbp3
Dpysl3,Fgfr1
Dpysl5,Cep43
Drd1,Fgfr2
Drd2,Fgfr3
Drd5,Fhl1
Dsg1a,Ficd
Dsp,Vegfd
Dusp14,Fjx1
Dusp4,Fkbp9
Dusp8,Flnc
Dut,Flot2
Dync1i1,Fmn2
Dzank1,Fmo1
Ebf2,Fmo4
Ebf3,Fndc5
Ecel1,Folh1
Eef1a2,Fos
Efcab6,Fosb
Micu3,Foxr2
Efhc2,Foxred1
Efna3,Fras1
Efna5,Frem2
Ehbp1,Frmpd1
Ehmt1,Cmtr2
Ehmt2,Fut9
Eif2ak3,Fxyd1
Eif4enif1,Fzd10
Elavl2,Fzd2
Elavl4,Gabbr1
Elf2,Gabbr2
Elmod1,Gabpb2
Emc9,Gabra4
Eml5,Gabrb1
Emsy,Gabrg1
Emx2,Gadd45g
Eno2,Galnt4
Enox1,Gas1
Entpd3,Gcdh
Eomes,Gcnt4
Ep400,Gcsh
Epb41l4b,Gdpd2
Dmtn,Gfap
Epb41l4b,Ggnbp1
Epc2,Gja1
Epha10,Gjb6
Epha3,Glb1l
Epha6,Gldc
Epha7,Gli1
Epha8,Gli2
Ephb2,Gli3
Ephb6,Glis3
Epm2aip1,Glud1
Erc2,Glul
Eri1,Glycam1
Ero1b,Gm20441
Esrrg,Gm5424
Exosc4,Gnao1
Eya2,Golgb1
Ezh2,Gpam
Fabp3,Gpatch2
Ramac,Gpc4
Tcaf1,Gpc6
Fam117b,Gpd2
Fam120b,Gpm6a
Amer3,Gpm6b
Fam131a,Gpr156
Fam131c,Gpr179
C1qtnf12,Gpr19
Alkal2,Gpr3
Emc9,Gpr37l1
Shisal2b,Ptgdr2
Fam163b,Adgrg1
Zc2hc1a,Gpr63
Fam171a2,Gprc5d
Fam183b,Gpt
Fam184b,Gpt2
Fam185a,Gpx8
Fam189b,Gramd4
Insyn2a,Greb1
Fam43b,Grhl1
Tlcd3b,Grifin
Ripor2,Grin2c
Fam71e1,Grm3
Fam78b,Grm5
Fam89b,Gsg1l
Fank1,Gstk1
Fastkd5,Gstm1
Fat2,Gstm5
Fat3,Gstt1
Fbll1,Gstz1
Fbxl16,Gucy1a1
Fbxl19,Gulp1
Fbxl2,Gk
Fbxo30,Large2
Fbxo41,Gys1
Fchsd1,Hacl1
Fgf13,Hadh
Fgf9,Hadha
Fibcd1,Hapln1
Fibin,Hectd2
Fkbp11,Hepacam
Fkbp1b,Herc6
Fkbp3,Hes5
Flrt3,Hey2
Flywch1,Hgf
Flywch2,Hhipl1
Fmn1,Hif3a
Fnbp1l,Higd1a
Fnbp4,H3c1
Fndc3b,H3c6
Foxg1,Hmgcr
Foxj3,Hmgn1
Foxk2,Hmgn3
Foxo3,Hoga1
Foxo6,Rida
Foxp2,Hs3st3a1
Frat1,Hs3st3b1
Frmpd3,Hsd11b1
Frmpd4,Hsdl2
Fsip1,Hspa2
Fstl4,Htra1
Fut7,Hyal1
Fxyd2,Id3
Fxyd7,Id4
Gabra1,Idi1
Gabra5,Ift122
Gabrb2,Ift140
Gabrg2,Igdcc4
Gabrg3,Igf2bp3
Gad1,Igfbp2
Gad2,Igfbp5
Galnt9,Igsf1
Galntl6,Ikbip
Galr1,Il15ra
Galr2,Il17rd
Gap43,Il18
Gar1,Il33
Garnl3,Il6st
Castor2,Immt
Gbx2,Impa2
Gca,Impg2
Gcgr,Inca1
Gda,Ino80d
Gdap1,Inpp5j
Gdap1l1,Insig1
Gdf5,Intu
Gdi1,Iqcd
Gdnf,Iqck
Gdpd1,Iqub
Gemin7,Irs1
Gfra4,Irs2
Ghsr,Itga2
Gipc2,Itga6
Gipr,Itga7
Gjd2,Itih3
Glb1l2,Itih5
Glce,Itm2c
Gle1,Itpkb
Glis1,Itsn1
Glod5,Ivd
Glra2,Iyd
Glra3,Jak1
Gm10767,Jam2
Gm6104,Jun
Gnaq,Kalrn
Gnaz,Kank2
Gng2,Kbtbd11
Gng3,Kcnc4
Gnl3l,Kcne1l
Gnrh1,Kcnj10
Golga7b,Kcnn2
Gpc1,Kcnn3
Gpr101,9530068E07Rik
Gpr12,Kctd14
Adgra1,Kctd5
Gpr135,Kdm5d
Gpr139,Myorg
Gpr149,Kidins220
Gpr151,Kif18a
Gpr173,Kif1b
Gpr21,Kif1c
Gpr22,Kif24
Gpr26,Kirrel2
Gpr27,Klf15
Gpr52,Klf4
Gpr6,Klhdc8b
Gpr61,Klhl25
Adgrg2,Klri1
Gpr83,Krtap7-1
Gpr88,L2hgdh
Gprasp1,L3hypdh
Gprasp2,L3mbtl3
Gprin1,
Gprin3,
Gpsm1,Lama2
Gpx2-ps1,Lats1
Gramd1a,Lca5
Gramd1b,Lcat
Greb1l,Lclat1
Grem2,Ldoc1
Gria1,Lenep
Grid2ip,Leng8
Grin1,Leng9
Grin2a,P3h1
Grin2b,Lgals12
Grin2d,Lgals4
Grip2,Lgalsl
Grm1,Lgi4
Grm2,Lgr4
Grm7,Lgr6
Grm8,Lhcgr
Grpr,Lhfp
Gsc,Lifr
Gse1,Limch1
Gtf2e1,Limd1
Gucy1a2,Lingo1
Gxylt2,Lipg
H1f10,Lipt1
H2-M5,Lix1
Has3,Lonrf3
Haus3,Loxl1
Hcn1,Lpin3
Hcn3,Lpp
Hcn4,Lrch3
Hcrtr2,Lrig1
Hdgfl3,Lrp4
Hdx,Carmil1
Mroh7,Lrrc23
Hecw1,Lrrc38
Hells,Lrrc52
Hexim2,Lrrc8a
Hfm1,Lrrc9
Hirip3,Lrrk2
Hmg20a,Lrtm2
Hmgb3,Ltbp1
Jpt1,Lxn
Hnrnpa1,Lyrm4
Homer2,Macf1
Hook1,Magt1
Hook2,Malat1
Hp,Mamdc2
Hpca,Mamdc4
Hrh3,Maob
Hrk,Map2
Hs3st5,Map4
Hs3st6,Mapk4
Hs6st3,Mtarc2
Hspa12a,Mars2
Htr1a,Masp2
Htr1b,Mast4
Htr1d,Mavs
Htr1f,Mboat2
Htr2c,Mcc
Htr3a,Mcee
Htr7,Mdm4
Hyls1,Mdn1
Ica1l,Med12
Ids,Med12l
Igf1,Med7
Igf2bp2,Megf10
Igf2r,Meis1
Igfbpl1,Mettl11b
Ighm,Mfap3l
Ighv1-31,Mfge8
Igkc,Mga
Igsf3,Mgst1
Igsf8,Mical1
Igsf9,Micall2
Il12a,Mid1ip1
Il1rapl2,Mier3
Ina,Mink1
Incenp,Mir467f
Ing1,Mks1
Inha,Mlc1
Inpp5f,Kmt2c
Inpp5j,Mmab
Insl5,Mmd2
Insm1,Mmp14
Insm2,Morc3
Insrr,Mpc1
Ipcef1,Mpdz
Ipw,Mpp5
Iqcb1,Mpp6
Iqsec3,Mras
Irs1,Msi2
Irs4,Msx2
Irx2,Mt2
Isl1,Mt3
Islr,Map7d3
Islr2,Mterf1a
Isoc1,Mterf4
Nmrk2,Mthfd1
Itgbl1,Tesmin
Itpka,Mtm1
Jakmip1,Mtmr11
Jph4,Mtx3
Kalrn,Muc1
Kat5,Mup6
Kazald1,Mmut
Kcna4,Myh11
Kcnb2,Myh14
Kcnc1,Myh15
Kcnc2,Myh6
Kcng1,Mylk2
Kcng3,Myo10
Kcnh1,Myo19
Kcnh4,Myo6
Kcnh7,Myom3
Kcnip2,Myrip
Kcnip4,Naa16
Kcnj11,Nacc2
Kcnj3,Nadk
Kcnj5,Nadk2
Kcnk9,Naprt
Kcnmb2,Naprt
Kcnq2,Nat1
Kcnq5,Hyal1
Kcns1,Nat8
Kcns2,Ncam1
Kcnt1,Ncan
Kctd15,Nckap5
Kctd16,Spaca6
Kctd8,Nde1
Kdm2b,Ndp
Kdm4a,Ndrg2
Kdm4b,Nebl
Kdm5a,Nek8
Kdm5b,Nexn
Khdc4,Nfxl1
4932438A13Rik,Ngef
Cip2a,Nhsl1
Kif11,Nipal1
Kif17,Nlrx1
Kif21b,Nmb
Kif22,Nme7
Kif4,Notch1
Kif5c,Notch2
Kifc2,Notch3
Kifc5b,Npas2
Kiss1r,Npas3
Kit,Npff
Klc2,Nphp3
Klf12,Nphs1
Klf8,Nphs1os
Klhdc8a,Nps
Klhl1,Nqo1
Klhl12,Nr1d1
Klhl14,Nr2e1
Klhl29,Nr2f1
Klhl33,Nr3c2
Klhl34,Nr4a1
Kmt2a,Nr4a2
Kmt2b,Nr4a3
Krt73,Nrarp
Krt79,Nrbp2
Ksr1,Nrcam
Ksr2,Nrxn1
L1cam,Nsdhl
L3mbtl1,Ntrk3
L3mbtl4,Ntsr2
Lama3,Nudt12
Lancl2,Nudt19
Cers6,Nudt2
Lefty2,Nudt7
Lemd1,Nup62cl
Lgals7,Nup93
Lgi1,Nvl
Lgi2,Nwd1
Lhfpl1,Oat
Lhfpl4,Odf2l
Lhfpl5,Odf3
Lhx1,Tenm3
Lhx5,Olfml1
Lhx6,Olfml2a
Lhx8,Olfr90
Lhx9,Oplah
Lig1,Optc
Limk2,Osr2
Lin28b,Otx1
Lingo2,Ovol1
Lmna,Oxa1l
Lmo3,Oxnad1
Lmtk3,P2rx6
Lmx1a,P4ha2
Lonrf1,P4ha3
Lonrf2,Pabpc4l
Lor,Pacsin3
Lpcat4,Palld
Lpgat1,Pamr1
Adgrl1,Papss2
Plppr3,Paqr4
Plppr4,Paqr6
Lrch2,Paqr7
Pidd1,Paqr8
Lrfn5,Pard3b
Lrig3,Parp12
Carmil3,Parp3
Lrrc24,Parva
Lrrc26,Pax4
Lrrc3b,Pax6
Lrrn4cl,Pbld2
Lsm11,Pbxip1
Lsm14b,pc
Luc7l,Pcdh10
Ly6g6c,Pcdhgb6
Ly6h,Pcdhgc5
Lypd6b,Pcsk9
Lyrm7,Pcx
Mab21l1,Pde1b
Mab21l3,Pde3a
Mad2l1,Pde9a
Madd,Pdgfc
Magee1,Pdgfrb
Magel2,Pdk4
Mal2,Pdlim3
Maml3,Pdlim4
Map3k12,Pdlim5
Map3k15,Pdp2
Map3k4,Pdpn
Map3k9,Pdss1
Map4k3,Pdyn
Map9,Pdzd11
Mapk8,Pdzrn3
Mapk8ip2,Peak1
Mapk9,Per3
Mapt,Pex2
Marchf11,Pfkm
Marchf4,Jade1
9-Mar,Phf21b
Mark1,Phgdh
Mast1,Phka1
Mblac2,Phkb
Mchr1,Phkg1
Mctp1,Phyhipl
Mctp2,Pigm
Mdga1,Pikfyve
Mecp2,Pipox
Med10,Pitpnc1
Med14,Pkd2
Meg3,Pkdrej
Mei4,Pkp2
Meis1,Pla2g3
Mesp1,Pla2g5
Mesp2,Pla2g7
Met,Plagl1
Mex3a,Plcb3
Mex3d,Plcd4
Mgat4c,Plch1
Mgat5,Pld2
Mgst3,Plec
Mia,Pln
Miat,Plod2
Mical2,Pls1
Micu3,Plscr1
Minpp1,Plxnb1
Mirg,Plxnc1
Mki67,Pm20d1
Mkrn3,Pmm1
Mlf1,Poln
Mllt11,Polr3g
Mme,Pomt1
Mmp11,Pon2
Mmp24,Pou2f1
Mn1,Pou3f2
Mnd1,Pou3f4
Moap1,Plpp3
Morc2a,Ppara
Mpped1,Ppfia1
Mpped2,Ppil6
Mrap2,Ppp1r12a
Mrgbp,Ppp1r1a
Msl1,Ppp1r3c
Mst1r,Ppp1r3d
Mstn,Ppp1r3g
Map1b,Ppp2r2b
Map6,Ppp2r3a
Map7d2,Ppp2r5a
Map9,Ppp4r1l-ps
Mtfp1,Ppwd1
Mtss1,Prdm16
Mturn,Prdx6
Mtus2,Prdx6b
Muc6,Prex1
Pwwp3a,Prkd1
Myh8,Prkdc
Myl6b,Proca1
Myo5b,Prodh
Myo9a,Prpf38b
Myt1,Prpf39
Myt1l,Prpf4b
Phf24,Prrc2c
Nanos1,Prrx2
Nanos2,Prss35
Nap1l2,Prss45
Nap1l3,Psd2
Napb,Psph
Nasp,Ptar1
Nbea,Ptch1
Ncapg,Ptch2
Nck2,Ptdss2
Ncoa2,Ptn
Ncs1,Ptp4a1
Ndn,Hacd3
Ndrg4,Hacd2
Ndst3,Ptpmt1
Ndst4,Ptpn13
Ndufa1,Ptpra
Ndufaf6,Ptprf
Neb,Ptprz1
Necab1,Ptx3
Nedd4l,Pxmp2
Nefh,Pxmp4
Negr1,Pygb
Nell1,Pyroxd1
Nell2,Rab30
Neurod1,Rab34
Neurod2,Ranbp3l
Neurod6,Rapgef3
Nfib,Rarres1
Nfix,Rasa2
Ngfr,Rasgrf1
Slc9b2,Rasgrp1
Nhlh1,Rasl11a
Nhlh2,Rasl11b
Nipsnap1,Raver2
Nkx2-1,Rb1
Nmbr,Rbm20
Nnat,Rbm25
Nnmt,Rbm26
Noa1,Rbm46
Nol4,Rbpms2
Nos1,Rcn2
Nosip,Rdh5
Ccn3,Retsat
Nova2,Rftn2
Npas4,Rfx4
Npcd,Rfx5
Npffr1,Rgma
Npnt,Rgs20
Nppc,Rgs22
Nptx1,Rgs7
Nptxr,Rhbdf1
Npy,Rhcg
Npy1r,Rhoq
Npy2r,Riiad1
Nr1h4,Rmnd1
Nr2f2,Rmst
Nrde2,Rnf215
Nrg1,Rnf24
Nrg3,Romo1
Nrip3,Ror2
Nrn1,Rorb
Nrsn2,Rsad1
Nrxn3,Rsph1
Nsd1,Rsph4a
Nsf,Rsph9
Nsg1,Rtn3
Nsg2,Rufy4
Nsrp1,S1pr1
Nt5c1a,Sag
Nt5dc2,Sall3
Nt5dc3,Sar1b
Ntn5,Sardh
Ntng2,Sash1
Ntrk1,Msmo1
Nts,Scara3
Ntsr1,Scd2
Numbl,Scd3
Nup35,Scg3
Nxnl2,Scp2
Nxph2,Sctr
Nxph3,Sdsl
Nxph4,Sec14l2
Nyx,Sema3b
Ociad2,Sema6d
Tenm1,Senp1
Tenm4,Septin11
Ogt,Septin9
Olfm1,Serhl
Olfm3,Sfrp1
Olfr315,Sfrp5
Olfr317,Pnisr
Opn3,Sfxn1
Oprd1,Sfxn2
Oprk1,Sfxn5
Oprm1,Sh3bgrl2
Osbpl5,Sh3pxd2b
Oscar,Sigmar1
Oxtr,Six5
P2rx5,Slc10a1
Pacsin1,Slc12a4
Pak3,Slc13a1
Pak6,Slc13a3
Pak7,Slc13a5
Pakap,Slc14a1
Palm3,Slc14a2
Panx2,Slc15a2
Pappa2,Slc1a2
Paqr9,Slc1a3
Parp6,Slc1a4
Patz1,Slc20a1
Pax6,Slc20a2
Paxbp1,Slc22a12
Pbk,Slc22a4
Pbrm1,Slc25a18
Pbx1,Slc25a21
Pbx3,Slc25a34
Pcbp3,Slc25a42
Pcdh17,Slc25a48
Pcdha1,Slc26a5
Pcdha12,Slc26a6
Pcdha2,Slc27a1
Pcdha3,Slc2a10
Pcdha4,Slc2a4
Pcdha5,Slc30a10
Pcdha6,Slc38a3
Pcdha7,Slc39a12
Pcdhac2,Slc39a14
Pcdhgc4,Slc41a1
Pcgf2,Slc44a3
Pcp4,Slc4a4
Pcsk1,Slc6a1
Pcsk5,Slc6a11
Pdcd1lg2,Slc6a17
Pde1a,Slc6a9
Pde4a,Slc7a10
Pde4dip,Slc7a11
Pdp1,Slc7a2
Pdxp,Slc9a3r1
Pdzd2,Slitrk2
Pdzd4,Smc4
Pdzd7,Smc5
Peg10,Smdt1
Peg3,Smg1
Peli3,Smim8
Penk,Smo
Pfdn1,Smpd2
Pfdn6,Smyd1
Pgbd5,Sncaip
Pgf,Sned1
Pgm2l1,Snhg3
Pgr,Snora28
Pgrmc1,Snora2b
Phc1,Snta1
Phc2,Sntb1
Phc3,Soat1
Phf14,Son
Phf20l1,Sorbs1
Phf8,Sorcs2
Phip,Sorl1
Pias2,Sox2
Pias4,Sox21
Pik3c2g,Sox9
Pip4k2b,Sp5
Pip5kl1,Sp6
Pisd-ps1,Spag1
Pitpnm2,Spag8
Pitpnm3,Spag9
Piwil2,Sparcl1
Pkib,Spata17
Pla2g4e,Spata18
Pla2g4f,Spata22
Plcd3,Spata3
Plch2,Spire1
Plcxd2,Spry2
Plcxd3,Sptan1
Plcz1,Sqle
Plek2,Srebf1
Plekha5,Srek1
Plekha7,Srrm2
Plg,Srsf10
Plin5,Srsf11
Plxna2,Srsf5
Pnck,Itprid2
Pnma1,St6galnac5
Pnma2,Stk17b
Pnoc,Stk36
Pogz,Stk38l
Pola1,Ston2
Pola2,Stt3b
Polr2d,Suclg2
Pomgnt2,Suox
Popdc3,Sybu
Pou3f4,Sycp2
Pou4f1,Syne1
Pou6f2,Synm
Ppargc1b,Synpo2
Ppfia2,Sypl2
Ppfia4,Syt11
Ppif,Taco1
Ppifos,Taf1
Ppm1d,Tagln
Ppm1e,Tank
Ppp1r1b,Tbc1d10a
Ppp1r3f,Tbce
Ppp3cb,Tfap2c
Pqbp1,Tctn3
Pqlc3,Tead1
Prdm8,Tectb
Prepl,Tekt1
Prim1,Tekt4
Prkacb,Tekt5
Prkar1b,Tet2
Prkar2b,Tex9
Prkcg,Tgfb2
Prkce,Thbs1
Prkcg,Thbs4
Prkrip1,Them4
Prlhr,Thoc1
Prmt8,Thoc2
Prokr2,Timm21
Prox1,Timp3
Prph,Tjp2
Prps1,Tlcd1
Prr12,Tm7sf2
Prrc2b,Tmc7
Prrt2,Tmed1
Prtn3,Tlcd5
Prune2,Tmem161b
Psd,Tmem176b
Psg16,Tmem200c
Psme4,Tmem218
Ptchd1,Tmem229a
Pth2r,Tmem259
Ptprn2,Tmem82
Pvt1,Tmem86b
Pycr1,Tmprss7
Qser1,Tnc
Rab11fip2,Tnfaip8
Rab11fip4,Tnfrsf19
Rab26,Tnni3
Rab3a,Tnnt3
Rab3b,Tob1
Rab3c,Tom1l1
Rab3d,Tom1l2
Rab6b,Tpbg
Rab9b,Tpm2
Rabif,Tpmt
Rac3,Traf3
Radil,Trak1
Rai1,Trh
Rai2,Trib2
Ralgps2,Tril
Ralyl,Trim9
Ramp3,Trip11
Rapgefl1,Trmt12
Rarb,Trpm3
Rasgef1a,Trpm7
Rasgef1c,Trps1
Rasgrf2,Tsc22d4
Rasgrp2,Tsga10
Rassf6,Tsku
Rassf7,Tspan7
Rb1,Tst
Rbfox1,Tsx
Rbfox2,Ttc12
Rbfox3,Ttc14
Rbm15b,Ttc21a
Rbm38,Ttc21b
Rbm4,Ttc37
Rbm4b,Ttc9
Rbms3,Ttll4
Rcan2,Ttll8
Rcan3,Ttpa
Rcor2,Ttyh1
Rell2,Ttyh3
Reln,Tulp3
Rem2,Txnrd3
Retn,Ube2f
Rfx1,Ucp3
Rfx3,Ugt1a6a
Rtl9,Ugt1a6a
Rgmb,Upf3b
Rgs11,Upp1
Rgs17,Uqcrh
Rgs4,Usp54
Rgs7bp,Uty
Rgs8,Vav3
Rhbdl1,Vcam1
Rhof,Vcl
Rhov,Vegfa
Rian,Veph1
Rimbp2,Vezt
Rims3,Vgll2
Rims4,Vhl
Ripk4,Vit
Rit2,Vmn2r57
Carmil2,Vnn1
Rnaseh2b,Vps13c
Rnd3,Vps13d
Rnf152,Vwa8
Rnf165,Wasf3
Rnf214,Cfap52
Rnf39,Wdr19
Rnft2,Wdr35
Rnpc3,Cfap44
Robo2,Wdr5b
Rpp25,Wdr60
Rps19bp1,Wdr63
Rrm2,Daw1
Rsph4a,Wdr78
Rspo1,Cfap43
Rspo2,Wipi1
Rspo3,Wnt7a
Rtbdn,Wsb1
Rtl1,Wwc1
Rtn1,Xkrx
Rtn4r,Yap1
Rtn4rl2,Zbtb20
Rufy3,Zbtb25
Rundc3b,Zbtb37
Runx1t1,Zbtb41
Rusc1,Zc3h13
Rxfp1,Zcchc24
Ryr2,Zdhhc21
Samd10,Zfc3h1
Samd14,Zfp11
Samd3,Zfp112
Sap130,Zfp142
Sarm1,Zfp160
Satb2,Zfp185
Sbk1,Zfp229
Sbsn,Zfp280c
Scai,Zfp36l2
Scarna13,Zfp40
Scg2,Zfp449
Scmh1,Zfp507
Scml4,Zfp532
Scn2b,Zfp58
Scn3b,Zfp607a
Scn4b,Zfp661
Scn5a,Zfp708
Scn9a,Zfp759
Scrt1,Zfp799
Scrt2,Zfp839
Scube3,Zfp870
Scx,Zfp879
Sdk2,Zfp933
Sdr39u1,Zfp945
Sdsl,Zfp964
Sema3a,Zfp97
Sema4g,Zfyve16
Sema6c,Zhx2
Senp3,Zhx3
Senp7,Zmynd10
Septin3,Znrd1as
Septin6,Znrf3
Serp2,Zranb3
Serpinc1,Zscan12
Serpini1,Zscan20
Sertad4,Hacd3
Setd2,Marchf2
Sez6,2610507B11Rik
Sez6l2,Dglucy
Sfswap,9930111J21Rik2
Sfxn3,AB124611
Sgip1,Cd300c2
Sgsm1,Ifi207
Sgtb,AI661453
Sh2d7,AI662270
Sh3gl2,Aagab
Sh3rf3,Abca1
Sh3yl1,Abca9
Shank1,Abcc3
Shank2,Abcd1
Shisa6,Abcg3
Sidt1,Abhd12
Sin3b,Abhd14b
Sipa1l1,Abhd15
Sipa1l3,Abi3
Sirt6,Acads
Six3,Accs
Slc10a4,Acox3
Slc12a5,Acsl5
Slc17a6,Actb
Slc17a8,Ada
Slc18a2,Adam15
Slc18a3,Adam33
Slc22a15,Adam8
Slc24a2,Adamts16
Slc24a3,Adap2
Slc25a22,Adcy7
Slc25a27,Adora3
Slc27a2,Adrb2
Slc27a3,Grk2
Slc2a13,Adssl1
Slc2a3,Afp
Slc32a1,Aga
Slc35d3,Agpat2
Slc35e1,Aif1
Slc35f4,Aim2
Slc37a1,Akap10
Slc38a1,Akna
Slc38a4,Akr1b3
Slc5a7,Akr1b10
Slc6a15,Akr1b3
Slc6a17,Alb
Slc6a7,Aldh16a1
Slc7a14,Aldh3b1
Slc7a4,Alkbh3
Slc9a6,Alox15
Slco5a1,Alox5
Slfn9,Alox5ap
Slit1,Amdhd2
Slit3,Ang
Sln,Angptl7
Smarca5,Ankrd44
Smarcal1,Anks6
Smarcd3,Anxa4
Smc4,Aoah
Smc5,Ap1b1
Smg1,Ap1g2
Smg7,Ap3b1
Smg8,Ap5b1
Smpd3,Ap5z1
Smpd4,Apaf1
Sms,Apbb1ip
Snap25,Apobec1
Snap91,Apobec2
Snca,Apobec3
Sncb,Apobr
Snhg10,Apoc1
Snhg11,Apoc2
Snhg4,Arap1
Snora75,Arap3
Snord15b,Arf2
Snord17,Arfgef2
Snrpn,Arg1
Sntg2,Arglu1
Snx10,Arhgap17
Snx16,Arhgap19
Snx21,Arhgap22
Sobp,Arhgap25
Sox11,Arhgap27
Sox4,Arhgap30
Sp8,Arhgap39
Sp9,Arhgap4
Spag6,Arhgap9
Spata2l,Arhgdia
Spc25,Arhgdib
Spdef,Arhgef6
Spen,Arid3a
Sphkap,Arid3b
Spin1,Arid4a
Spink10,Arl11
Spint2,Arl4c
Sptbn4,Arl5c
Spock1,Armc3
Spryd3,Armc5
Srgap3,Armc7
Srrm3,Arpc1b
Srrm4,Arpc4
Srsf12,Arpc5
Ss18l1,Actrt3
Ssbp2,Arrb1
Ssbp3,Arrb2
Ssh2,Arsb
Znrd2,Arsg
Sst,As3mt
Sstr2,Asb10
Sstr4,Asb2
St18,Ascc1
St7,Ascl2
St8sia2,Asgr2
St8sia3,Asl
St8sia5,Asph
Stac,Atf3
Stau2,Atp13a2
Stk32b,Atp2a3
Stk32c,Atp5c1
Stmn1,Atp6v1f
Stmn2,Aup1
Stmn3,B2m
Strbp,B3galt4
Stx19,B3gnt8
Stx1a,B4galnt1
Stx1b,B4galt1
Stxbp1,B4galt5
Suds3,Themis2
Sugp1,Cybc1
Sugp2,Map11
Sult4a1,Lrrc75a
Sult5a1,BC049352
Susd2,Nxpe5
Suv39h2,Cstdc5
Suz12,Adgrb1
Sv2b,Bank1
Sv2c,Batf
Svop,Batf3
Syn1,Baz1a
Syn2,Bcat2
Syn3,Bcl2a1a
Syne2,Bcl2a1b
Syngap1,Bcl2a1c
Syngr3,Bcl2a1d
Synpr,Bcl2l1
Syp,Bcl3
Syt1,Bco2
Syt10,Bcor
Syt13,Bhlhe41
Syt17,Bid
Syt2,Bik
Syt3,Bin1
Syt4,Bin2
Syt5,Blnk
Syt6,Bloc1s5
Syt7,Blvra
Sytl1,Blvrb
Tac2,Bmf
Tacc3,Bmp2k
Tacr1,Bri3
Tanc2,Btaf1
Tas1r1,Btbd19
Tasp1,Btg1
Tbc1d30,Btg2
Tbc1d7,Btk
Tbr1,C1qa
Tbx6,C1qb
Tceal7,C1qc
Tcerg1l,C1rl
Tcf20,C2
Tcf4,C3
Tfap2d,C3ar1
Tchh,C5ar1
Tcp11,Cables1
Tdrd3,Cacna1s
Tdrd6,Cacul1
Tead1,Calhm2
Tecta,Camk1
Tekt2,Camp
Terf2,Cap1
Terf2ip,Capn1
Tet3,Capn3
Tex15,Capza1
Tex30,Car13
Tgfb1,Card11
Th,Card9
Thbs2,Casp1
Thsd7a,Casp4
Thsd7b,Cass4
Thy1,Cbln1
Tiam2,Cbln2
Timeless,Cbln4
Tle3,Cbr2
Tlk2,Ccdc162
Tm4sf5,Ccdc186
Tmem130,Ccdc22
Tmem132a,Ccdc50
Tmem145,Ccdc86
Tmem150c,Ccdc88b
Tmem158,Ccdc93
Tmem169,Ccdc97
Tmem178,Ccl12
Tmem198,Ccl17
Tmem200a,Ccl2
Tmem210,Ccl22
Tmem30c,Ccl24
Tmem35a,Ccl3
Tmem59l,Ccl4
Tmem63c,Ccl5
Syndig1l,Ccl6
Tmem91,Ccl7
Tmppe,Ccl8
Tmprss2,Ccl9
Tnfaip8l3,Ccr1
Tnrc6c,Ccr1l1
Tomm5,Ccr2
Top2a,Ccr3
Tpx2,Ccr5
Trank1,Ccr6
Trappc6b,Ccr7
Tfr2,Ccrl2
Trhde,Cd101
Trim17,Cd14
Trim33,Cd163
Trim46,Cd164
Trim66,Cd180
Trim67,Cd19
Trnp1,Cd2
Tro,Cd200r1
Trp53i11,Cd209a
Trp73,Cd209b
Trpc3,Cd209d
Trpc4,Cd209f
Trpc5,Cd209g
Trpc6,Cd22
Trpc7,Cd300a
Trpv1,Cd300lb
Trpv6,Cd300ld
Trrap,Cd300lf
Tsc22d2,Cd33
Tspan11,Cd37
Tspyl4,Cd3d
Ttbk2,Cd3e
Ttc22,Cd4
Ttc26,Cd48
Ttc34,Cd5
Ttc39a,Cd52
Ttc9b,Cd53
Ttl,Cd6
Tuba8,Cd63
Tubb2a,Cd68
Tubb2a-ps2,Cd7
Tubb2b,Cd72
Tubb3,Cd74
Tubg2,Cd79a
Tuft1,Cd79b
Tulp1,Cd80
Tusc3,Cd83
Twsg1,Cd84
Ubash3b,Cd86
Ube2c,Cd8b1
Ube2o,Cd99l2
Ube2ql1,Cdca4
Ube2v2,Cdh23
Ubfd1,Cdk6
Ubqln1,Cds1
Ubqln2,Cdt1
Uchl1,Ceacam10
Ufsp1,Ceacam2
Uggt2,Cebpa
Ulk1,Cebpb
Unc119,Cep250
Unc13a,Cerk
Unc5a,Cfh
Unc5d,Cfp
Upf2,Ch25h
Upk3a,Chil3
Upp2,Chil3
Urb1,Chmp1b
Usp11,Chst12
Usp22,Chst7
Usp28,Cib1
Usp29,Cilp2
Usp48,Ckm
Usp9x,Clcf1
Utp23,Clcn5
Utp3,Clec10a
Vamp2,Clec12a
Vash2,Clec2i
Vax1,Clec4a1
Vezf1,Clec4a2
Vgf,Clec4a3
Vip,Clec4a4
Vkorc1l1,Clec4d
Vmn2r1,Clec4e
Vmn2r2,Clec4n
Vopp1,Clec5a
Dcaf1,Clec7a
Vsnl1,Clic1
Vstm2a,Cln3
Vstm2l,Cln5
Vwa5b2,Cln8
Vwc2,Clta
Vwc2l,Cmklr1
Vwce,Cmtm3
Wdhd1,Cmtm6
Wdr47,Cmtm7
Wdr6,Cndp2
Wdr74,Cnpy3
Wrap73,Col27a1
Whrn,Cert1
Nsd2,Col6a3
Wif1,Colgalt1
Wipf3,Commd5
Wiz,Comp
Wnt2,Comt
Wscd2,Comtd1
Xkr4,Coro1a
Xkr7,Coro2a
Xxylt1,Cotl1
Ybx2,Cox6a2
Ydjc,Cpn1
Ypel1,Cpq
Ypel4,Cradd
Yrdc,Creg1
Ywhag,Crip1
Zbtb12,Cry1
Zbtb16,Cryba4
Zbtb18,Crybb1
Zbtb8b,Cryl1
Zc2hc1a,Csf1
Zc3h13,Csf1r
Zcchc12,Csf2
Zcchc18,Csf2rb
Zdbf2,Csf2rb2
Zdhhc22,Csf3r
Zfp280d,Csk
Zfp292,Cst3
Zfp362,Cst7
Zfp37,Cstb
Zfp385b,Ctbs
Zfp423,Ctdnep1
Zfp532,Ctla4
Zfp57,Ctns
Zfp575,Ctsa
Zfp62,Ctsb
Zfp644,Ctsc
Zfp667,Ctsd
Zfp711,Ctse
Zfp804a,Ctsf
Zfp804b,Ctsh
Zfp821,Ctsl
Zfp871,Ctss
Zfp92,Ctsz
Zfpm2,Cx3cr1
Zfr2,Cxcl10
Zic1,Cxcl16
Zic2,Cxcl2
Zic4,Cxcl3
Zkscan16,Cxcr3
Zmat4,Cxcr5
Zmym2,Cyb5r1
Zmym3,Cyba
Zfp143,Cyb561a3
Zfp148,Cybb
Zfp422,Cyfip1
Zfp280c,Cyp4f18
Zfp280d,Cyp4v3
Zfp423,Cysltr1
Zfp521,Cyth4
Zfp532,Cytip
Zfp536,Phf11d
Zfp609,Ldlrad4
Zfp668,M1ap
Zfp704,D8Ertd738e
Zpbp,Prag1
Zscan21,Daglb
Zwint,Dcxr
Shtn1,Ints6l
,Ddx31
,Dennd1c
,Dennd4b
,Depdc7
,Dgkd
,Dgkz
,Dhdh
,Dhrs3
,Dhx34
,Dhx58
,Diaph2
,Diaph2
,Dmxl1
,Dnajb13
,Dnajc1
,Dnajc13
,Dnase1l3
,Dnase2a
,Dnase2a
,Dnm2
,Dnttip1
,Dock2
,Dock8
,Dok1
,Dok2
,Dok3
,Dpp7
,Dqx1
,Dtnbp1
,Dtx4
,Duoxa1
,Dupd1
,Dusp1
,Dusp13
,Dusp2
,Dusp27
,Dusp5
,Dvl2
,Dyrk2
,Dyrk4
,E2f2
,Ear1
,Rnase2a
,Ear2
,Ear3
,Ear6
,Ebi3
,Edem1
,Edem2
,Eef2k
,Efhd2
,Efr3a
,Egr1
,Egr2
,Egr3
,Ehbp1l1
,Ehd1
,Ehd4
,Eid3
,Eif4ebp1
,Elf4
,Elmo1
,Eml3
,Emp3
,Adgre1
,Engase
,Eno3
,Enpp4
,Entpd1
,Epdr1
,Epn1
,Epsti1
,Epx
,Erap1
,Ermap
,Erp29
,Esr1
,Etv3
,Evi2b
,Evl
,F11r
,F13a1
,F9
,Fadd
,Fcmr
,Otulinl
,Otulin
,Fam110a
,Fam167b
,Eva1a
,Fam24a
,Calhm6
,Fam3a
,Tent5b
,Tent5c
,Cyrib
,Fam76b
,Fam78a
,Fam83g
,Fblim1
,Fbrs
,Fbxw4
,Fcer1g
,Fcgr1
,Fcgr2b
,Fcgr2b
,Fcgr3
,Fcgr4
,Fcgrt
,Fcna
,Fcrl1
,Fcrls
,Fermt3
,Fes
,Fez2
,Fgd2
,Fgr
,Fhl3
,Fhod1
,Fignl2
,Fkbp5
,Flcn
,Fmnl1
,Fmnl3
,Fndc7
,Fnip2
,Folr2
,Foxp4
,Fpr1
,Fpr2
,Frrs1
,Fscn1
,Ftl1
,Fuca1
,Furin
,Fyb
,G3bp1
,Gab2
,Gabrd
,Gadd45b
,Gal3st4
,Galk2
,Galm
,Galns
,Galnt12
,Galt
,Ganc
,Gas6
,Gatm
,Gba
,Gbgt1
,Gbp7
,Gcn1
,Gcnt1
,Gda
,Gdf15
,Gdpgp1
,Gga2
,Ggh
,Ggt5
,Gimap3
,Git2
,Gla
,Glb1l
,Glipr1
,Glrp1
,Gls
,Colgalt1
,Glul
,Cstdc4
,Gmfg
,Gmip
,Gmpr
,Gna15
,Gngt2
,Gnpda1
,Gns
,Golm1
,Lilr4b
,Gp9
,Gpat2
,Gpatch3
,Gpnmb
,Adgrg5
,Gpr132
,Gpr137b
,Gpr137b-ps
,Gpr157
,Gpr165
,Gpr18
,Gpr183
,Gpr31c
,Gpr34
,Gpr35
,Gpr65
,C5ar2
,Gpr84
,Gpsm3
,Gpx1
,Gramd1a
,Grb2
,Grn
,Gsdmd
,Gsdmd
,Gsg1
,Guca1a
,Gusb
,Gvin1
,H2-Aa
,H2-Bl
,H2-DMb1
,H2-DMb2
,H2-Ea
,H2-Eb1
,H2-K1
,H2-K2
,H2-Oa
,H2-Ob
,H2-Q1
,H2-Q10
,H2-Q2
,H2-Q7
,H2-Q8
,H2-T22
,H2-T23
,H2-T24
,H60b
,H6pd
,Haao
,Havcr2
,Hck
,Hcls1
,Hcst
,Hdc
,Heatr5a
,Mroh1
,Hebp1
,Herpud1
,Hexa
,Hexb
,Hfe
,Hgsnat
,Hk2
,Hk3
,Hltf
,Hmga1
,Hmga2
,Hmga2-ps1
,Arhgap45
,Hmox1
,Hp
,Hpgd
,Hpgds
,Hpn
,Hprt
,Hps4
,Hps6
,Hpse
,Hrc
,Hrh2
,Hs1bp3
,Hs6st1
,Hsd17b1
,Hsf2bp
,Hspa1a
,Hspa1b
,Hspa1l
,Hspb3
,Htatip2
,Htra2
,Hvcn1
,Hyi
,Icam1
,Icos
,Icosl
,Id2
,Idh2
,Ids
,Idua
,Ier3
,Ier5
,Ifi203
,Ifi204
,Ifi211
,Ifi27l2a
,Ifi30
,Ifi35
,Ifitm6
,Ifnb1
,Ifngr1
,Ifngr2
,Igf2bp3
,Ighg2b
,Igsf6
,Igtp
,Ikzf1
,Il10
,Il10ra
,Il12b
,Il16
,Il17ra
,Il1a
,Il1b
,Il1r2
,Il1rl1
,Il1rl2
,Il1rn
,Il21r
,Il27
,Il2rb
,Il4i1
,Il4ra
,Il6ra
,Il7r
,Ildr1
,Inpp4b
,Inpp5d
,Ip6k3
,Irak2
,Irak4
,Irf1
,Irf4
,Irf5
,Irf8
,Acod1
,Irgm1
,Iscu
,Isg15
,Isoc2b
,Itga6
,Itgae
,Itgal
,Itgam
,Itgax
,Itgb2
,Itgb3
,Itgb5
,Itpkc
,Itpr3
,Itpripl1
,Jak3
,Jdp2
,Junb
,Jund
,Kcna7
,Kcnab1
,Kcnd1
,Kcnk12
,Kcnk6
,Kcnn4
,Kctd12
,Kdm6b
,Khk
,Kif15
,Klhdc8b
,Klhl36
,Klhl38
,Klrb1b
,Klrd1
,Krt33a
,
,
,LOC547349
,Lacc1
,Lactb2
,Lag3
,Lair1
,Lamp2
,Laptm5
,Lasp1
,Lat
,Lat2
,Lbx1
,Lbx2
,Lcn2
,Lcp1
,Lcp2
,Ldb1
,Ldhb
,Lefty1
,P3h2
,Lfng
,Lgals1
,Lgals3
,Lgals3bp
,Lgals8
,Lgals9
,Lgmn
,Lif
,Lilra5
,Lilra6
,Pirb
,Lilrb4a
,Limd2
,Limk1
,Lipa
,Liph
,Lipo2
,Litaf
,Lpar5
,Lpcat2
,Lpcat3
,Lpxn
,Lrch1
,Lrch4
,Lrmp
,Lrp5
,Lrrc25
,Lrrc3
,Nrros
,Lrrc39
,Lrrfip1
,Lrrk1
,Lrwd1
,Lsm10
,Lsm5
,Lsp1
,Lst1
,Ltb
,Ltb4r1
,Ltc4s
,Ltf
,Ly6d
,Ly6g6e
,Ly86
,Ly9
,Lyl1
,Lyn
,Lyve1
,Lyz1
,Lyz2
,Maf
,Mafb
,Man1c1
,Man2b1
,Man2b2
,Manba
,Map2k3
,Map3k14
,Mapk13
,Mapk14
,Mapkapk2
,Mapkapk3
,Matk
,Mbnl1
,Mcoln2
,Med11
,Mef2c
,Metrnl
,Mettl7a1
,Mettl7a2
,Mfsd11
,Mfsd5
,Mgat1
,Mgat2
,Mgl2
,Mgmt
,Mknk1
,Mknk2
,Mlec
,Mllt6
,Mlph
,Mlxipl
,Mmgt2
,Mmp12
,Mmp19
,Mmp9
,Mnt
,Mob1a
,Mob3c
,Mogs
,Morc3
,Mov10
,Mpeg1
,Mpi
,Mpo
,Mrc1
,Mrgpra2b
,Mrgpra4
,Mroh1
,Ms4a6b
,Ms4a6c
,Ms4a6d
,Ms4a7
,Msh5
,Msn
,Msr1
,Map1s
,Mthfr
,Mthfsl
,Mtr
,Mvp
,Mxra8
,Myadml2
,Mybpc3
,Mybph
,Myc
,Myd88
,Myh9
,Myl2
,Mylip
,Myo18b
,Myo1c
,Myo1f
,Myo1g
,Myo7a
,Myom1
,N4bp2l1
,Naaa
,Nab2
,Naga
,Nagk
,Naglu
,Nagpa
,Naip1
,Naip2
,Naip5
,Naip6
,Naip7
,Napsa
,Nat2
,Nat9
,Nbeal2
,Ncf1
,Ncf2
,Ncf4
,Nckap1l
,Nckap5l
,Ncoa3
,Ndst2
,Necap2
,Nek6
,Nek7
,Neu1
,Neurl1a
,Neurl3
,Nfam1
,Nfatc1
,Nfatc2
,Nfe2
,Nfkb1
,Nfkb2
,Nfkbib
,Nfkbid
,Nfkbie
,Nfkbiz
,Nfxl1
,Nfya
,Ngp
,Nhlrc3
,Nhp2
,Hcar2
,Ninj1
,Nkg7
,Nlrc4
,Nlrp1a
,Nlrp1b
,Nlrp3
,Nme4
,Nmnat3
,Nmt1
,Nod2
,Nop2
,Npc2
,Npl
,Nradd
,Nrap
,Nrbf2
,Nrp
,Nt5e
,Ntpcr
,Nuak1
,Nuak2
,Numb
,Nup62
,Il4i1b
,Nupr1
,Oaf
,Oard1
,Oas2
,Oasl1
,Olfm4
,Olfml3
,Olfr110
,Olfr111
,Ophn1
,Orai1
,Orai3
,Osbpl11
,Osgep
,Osgin1
,Osm
,Otud1
,P2rx1
,P2rx4
,P2rx7
,P2ry12
,P2ry13
,P2ry2
,P2ry6
,P2ry13
,Pacsin2
,Pald1
,Paox
,Parp14
,Parp3
,Parvg
,Pctp
,Pdcd1
,Pde3b
,Pdgfb
,Pdlim4
,Pdxk
,Pecr
,Pepd
,Pes1
,Pf4
,Pfkfb3
,Pfn1
,Pggt1b
,Pgpep1
,Jade2
,Phf23
,Phka2
,Phldb3
,Phyhd1
,Pigv
,Pik3ap1
,Pik3c2a
,Pik3cd
,Pik3cg
,Pik3r5
,Pilra
,Pilrb1
,Pim1
,Pip4k2a
,Pira6
,Pkn1
,Pla2g15
,Pla2g2d
,Pla2g4a
,Pla2g4d
,Plac8
,Plagl2
,Plau
,Plbd1
,Plcb2
,Plcg2
,Plcl2
,Pld3
,Pld4
,Plek
,Plekhm2
,Plekho1
,Plekho2
,Plin2
,Plod1
,Plod3
,Plscr3
,Plxdc1
,Plxdc2
,Plxnb2
,Pmepa1
,Pmm2
,Pmp22
,Pnp
,Pnp2
,Pnpla7
,Pnpo
,Pon3
,Por
,Pou2f2
,Ppcdc
,Ppp1r15a
,Ppp1r3b
,Ppp6r1
,Pprc1
,Ppt1
,Ppt2
,Slc66a1
,Prg2
,Prkcd
,Prorsd1
,Prps1l1
,Prps2
,Psap
,Psd4
,Psmb10
,Psmb8
,Psmb9
,Psme2
,Ptafr
,Ptbp3
,Ptgds
,Ptger1
,Ptger4
,Ptgr1
,Ptgs1
,Ptk2b
,Ptpn1
,Ptpn18
,Ptpn6
,Ptpn7
,Ptprc
,Ptprcap
,Ptprj
,Pts
,Pus1
,Pus10
,Pwwp2b
,Pxn
,Pycard
,Pygl
,Pyroxd2
,Qprt
,Qsox1
,Rab11fip5
,Rab17
,Rab20
,Rab27a
,Rab32
,Rab35
,Rab39
,Rab3d
,Rab3il1
,Rab43
,Rab8b
,Rabep2
,Rac2
,Rad9a
,Rap2c
,Rapsn
,Rasa4
,Rasal3
,Rasd2
,Rassf4
,Rassf5
,Gm38431
,Rbm34
,Rbm38
,Rbm47
,Rcan1
,Rcsd1
,Rel
,Rela
,Relb
,Renbp
,Retnla
,Retnlg
,Rftn1
,Rgs1
,Rgs10
,Rgs14
,Rgs19
,Rgs2
,Rhbdf2
,Rhob
,Rhog
,Rhoh
,Rilpl1
,Rilpl2
,Rin3
,Rinl
,Ripk3
,Rn4.5s
,Rnase10
,Rnase12
,Rnase4
,Rnase6
,Rnasel
,Rnaset2a
,Rnaset2b
,Rnf114
,Rnf166
,Rnf19b
,Rnf213
,Rnh1
,Rnpep
,Rogdi
,Rp2
,Rpl10
,Rpl19
,Rpl3
,Rpl30
,Rplp1
,Rps6ka1
,Rps6ka4
,Rptor
,Rrad
,Rraga
,Rragc
,Rtn4rl1
,Rufy1
,Snx29
,Runx1
,Runx3
,Rxra
,Rxrb
,S100a8
,S100a9
,S1pr4
,Sag
,Sall1
,Samhd1
,Sap30
,Sash3
,Sat1
,Sbno2
,Scamp2
,Scly
,Scpep1
,Sdc4
,Selplg
,Serinc3
,Serpina3n
,Serpinb1b
,Serpinb6a
,Serpinb8
,Serpine1
,Serpinf1
,Serpinf2
,Spi1
,Sft2d1
,Sft2d2
,Sfxn2
,Sgk1
,Sgpl1
,Sgsh
,Sh2b2
,Sh2b3
,Sh3bp1
,Sh3bp2
,Sh3kbp1
,Sh3pxd2a
,Sh3tc1
,Shb
,Shc1
,Shkbp1
,Shmt1
,Siae
,Siglec1
,Siglecf
,Siglece
,Siglecg
,Siglech
,Sipa1
,Sirpa
,Skap2
,Ski
,Sla
,Slamf1
,Slamf6
,Slamf8
,Slamf9
,Slc10a3
,Slc10a6
,Slc11a1
,Slc11a2
,Slc12a7
,Slc15a3
,Slc15a4
,Slc16a10
,Slc16a3
,Slc16a6
,Slc17a9
,Slc25a10
,Slc25a45
,Slc29a1
,Slc29a3
,Slc2a5
,Slc2a8
,Slc2a9
,Slc30a3
,Slc35a3
,Slc35c2
,Slc36a1
,Slc36a2
,Slc37a2
,Slc38a10
,Slc38a7
,Slc39a1
,Slc39a4
,Slc43a1
,Slc43a2
,Slc44a2
,Slc46a1
,Slc5a10
,Slc7a7
,Slc7a8
,Slc9a9
,Slco2b1
,Slco4a1
,Slfn2
,Slfn8
,Slmap
,Smad3
,Smap2
,Smarcd2
,Smcr8
,Smpdl3b
,Snn
,Snora3
,Snora43
,Snora62
,Snora78
,Snta1
,Snx17
,Snx2
,Snx20
,Snx29
,Snx5
,Snx8
,Snx9
,Soat2
,Socs3
,Sord
,Sox15
,Sp110
,Sp140
,Spata13
,Spcs3
,Spg11
,Spg21
,Sphk1
,Sphk2
,Spi1
,Spib
,Spic
,Spn
,Spns3
,Spp1
,Sqor
,Srd5a3
,Srgap2
,Srrd
,Srsf6
,Srsf9
,Srxn1
,St14
,St3gal2
,St6galnac4
,Stab1
,Stambpl1
,Stard3
,Stat1
,Stat2
,Stat5b
,Stat6
,Stfa1
,Stfa2
,Stfa2l1
,Stfa3
,Stk10
,Stk11ip
,Stk40
,Sts
,Stx11
,Stxbp2
,Stxbp5
,Sult1a1
,Sumo3
,Sun2
,Susd3
,Syk
,Syk
,Syngr1
,Syngr2
,Tagap
,Tagap1
,Taok3
,Tap1
,Tap2
,Tapbp
,Tapbpl
,Tatdn2
,Tbc1d10a
,Tbc1d10c
,Tbc1d13
,Tbc1d22a
,Tbc1d2b
,Tbxas1
,Tcap
,Tfe3
,Tfec
,Tcirg1
,Tcn2
,Tep1
,Tfe3
,Tgfb1
,Tgfbi
,Tgfbr1
,Tgfbrap1
,Tgif1
,Tgif2
,Tgm1
,Tgm2
,Themis2
,Ticam1
,Ticam2
,Tifa
,Tifab
,Timd4
,Tk1
,Tk2
,Tlcd2
,Tle3
,Tln1
,Tlr1
,Tlr12
,Tlr13
,Tlr2
,Tlr3
,Tlr5
,Tlr6
,Tlr7
,Tlr8
,Tlr9
,Tmco4
,Tmem104
,Tmem106a
,Tmem119
,Tmem120a
,Sting1
,Tmem179b
,Tmem185b
,Tmem202
,Pacc1
,Tmem219
,Tmem221
,Tmem52
,Tmem63a
,Tmem86a
,Mymk
,Tnf
,Tnfaip2
,Tnfaip3
,Tnfaip8l2
,Tnfrsf11a
,Tnfrsf13b
,Tnfrsf14
,Tnfrsf17
,Tnfrsf1a
,Tnfrsf1b
,Tnfrsf23
,Tnfsf13
,Tnfsf14
,Tnfsf18
,Tnfsf9
,Tnip2
,Tnni2
,Tns4
,Top3a
,Tor3a
,Tor4a
,Tpd52
,Tpm3
,Tpp1
,Tpsab1
,Tpst2
,Tradd
,Traf2
,Traf3ip3
,Traf5
,Trem1
,Trem2
,Trem3
,Treml1
,Treml2
,Treml4
,Trex1
,Trib1
,Trim14
,Trim21
,Trim30d
,Trim47
,Trim65
,Trmt2a
,Trpm2
,Trpm4
,Trpv2
,Trpv4
,Tslp
,Tspan14
,Tspan32
,Tspan33
,Tspan8
,Ttc39b
,Ttc7
,Tuba4a
,Tubb1
,Tubb6
,Twf2
,Txnip
,Txnrd1
,Tyrobp
,Uap1l1
,Uba7
,Ubash3b
,Ubc
,Ube2g2
,Ucp2
,Ugt1a7c
,Ugt1a9
,Uhrf1bp1
,Umps
,Unc13d
,Unc93b1
,Usp25
,Usp35
,Vamp8
,Vasp
,Vav1
,Vav2
,Vipr1
,Vpreb3
,Vps13c
,Vps18
,Vps26a
,Vps37b
,Vrk2
,Vwa5a
,Was
,Wasf2
,Wdfy2
,Wdfy4
,Wdr55
,Wdr81
,Wnt11
,Wwp2
,Pald1
,Xcr1
,Xdh
,Xirp1
,Ykt6
,Zbtb32
,Zbtb8os
,Zc3h10
,Zc3h12a
,Zc3h6
,Zc3hav1
,Zfhx3
,Zfp296
,Zfp36
,Zfp385a
,Zfp513
,Zfp658
,Zfp691
,Zfp697
,Zfp703
,Zfp710
,Zfpm1
,Zfyve26
,Zmynd15
,Znfx1
,Zswim4
,Zyx
,5031439G07Rik
,Inava
,AA986860
,Tmem266
,Shisa8
,AV320801
,AW046200
,AW551984
,Aard
,Abca2
,Abca6
,Abca8b
,Abhd5
,Abi2
,Abtb2
,Acan
,Acap3
,Asic2
,Asic1
,Asic4
,Ace
,Acot7
,Acsl3
,Acy3
,Adam11
,Adam12
,Adam19
,Adam22
,Adam5
,Adam9
,Adamts2
,Adamts4
,Adamtsl3
,Adamtsl4
,Adap1
,Adcy3
,Adi1
,Ado
,Adora1
,Adra1d
,Adssl1
,Aebp1
,Afap1l2
,Agap1
,Agap2
,Ago3
,Agpat4
,Gpat3
,Etnppl
,Alas2
,Aldh18a1
,Aldh1a2
,Aldh1l2
,Aldh3b2
,Alx4
,Amd1
,Ampd3
,Ank1
,Ankfn1
,Ankrd28
,Sowaha
,Anks1b
,Anln
,Ano2
,Ano3
,Apba1
,Apbb1
,Aph1b
,Aph1c
,Aplp1
,Apod
,Apol11b
,Aqp3
,Arfgef3
,Arhgap31
,Arhgef10
,Arhgef10l
,Arhgef37
,Arl2
,Arl2bp
,Arsg
,Arsj
,Arxes1
,Asb13
,Asb18
,Ascl1
,Asns
,Aspa
,Aspdh
,Atg101
,Atp10b
,Atp1a3
,Atp2b3
,Atp6v0a2
,Atp7b
,Atrn
,B3galt5
,B3gat2
,B3gnt6
,B3gnt7
,Nmrk1
,Hrob
,Bace1
,Bbs7
,Bcar1
,Bcas1
,Begain
,Bfsp2
,Bglap
,Bglap2
,Bhlhb9
,Bmp4
,Bpgm
,Brca1
,Bves
,C1ql1
,C1ql2
,C1ql3
,C1qtnf2
,Car10
,Car14
,Cacna2d4
,Cacng4
,Cadm4
,Calb1
,Calcrl
,Camsap2
,Capn5
,Capn6
,Car10
,Car14
,Car2
,Carns1
,Caskin2
,Casr
,Ccdc13
,Ccdc167
,Ccl11
,Ccna2
,Ccnb1
,Ccnd1
,Cd70
,Cd9
,Cdc25c
,Cdc37l1
,Cdc42ep2
,Cdc7
,Cdca3
,Cdca8
,Cdh11
,Cdh6
,Cdk14
,Cdk18
,Cdo1
,Cdr2l
,Cdv3
,Cenpb
,Cenpk
,Cenpm
,Cenpn
,Cenpv
,Cers2
,Cetn2
,Cetn4
,Chadl
,Chaf1a
,Chd1
,Chdh
,Chn2
,Chpt1
,Chrm1
,Chrna4
,Chrne
,Chst11
,Chst3
,Chst5
,Chst8
,Chtf18
,Ckap2
,Ckap2l
,Cldn11
,Cldn14
,Clec3b
,Clgn
,Cmip
,Cmtm4
,Cmtm5
,Cnksr3
,Cnp
,Cntn1
,Cntn2
,Cntn4
,Cntn6
,Cntnap5b
,Cobl
,Col11a2
,Col12a1
,Col13a1
,Col1a1
,Col1a2
,Col20a1
,Col2a1
,Col3a1
,Col9a3
,Colec11
,Corin
,Cp
,Cplx1
,Cpox
,Cpz
,Crcp
,Creg2
,Cryab
,Csmd3
,Cspg4
,Cspg5
,Csrp1
,Ctnna3
,Ctnnal1
,Cyfip2
,Cygb
,Cyp2j12
,Cyp2j6
,Cyp4f41-ps
,Cys1
,D630045J12Rik
,D7Ertd443e
,Dapk2
,Brinp1
,Dbil5
,Dbndd2
,Dbpht2
,Dcaf12l1
,Dcaf12l2
,Dcn
,Dct
,Ddc
,Ddx25
,Ddx43
,Ddx59
,Dennd2a
,Derl3
,Gsdme
,Dgat1
,Dhcr24
,Dhrs13
,Dicer1
,Dlg1
,Dlgap5
,Dlk2
,Dll1
,Dll3
,Dmrta1
,Dnah10
,Dnah5
,Dnah7b
,Dnaic2
,Dnaja4
,Dnajb2
,Dnm1
,Dnm3
,Dock3
,Dock5
,Dock6
,Dock9
,Dohh
,Dph5
,Dpp10
,Dpp6
,Dpyd
,Dscc1
,Dtd1
,Dusp15
,Dusp9
,Dync2li1
,Dynll2
,E2f8
,Ect2
,Eda2r
,Eef1a2
,Efcab1
,Efemp1
,Efhd1
,Efnb3
,Efr3b
,Efs
,Ehd3
,Eif1b
,Elfn2
,Elovl4
,Elovl6
,Emb
,Eme1
,Emid1
,Col26a1
,Emilin3
,Eml1
,Endod1
,Eno2
,Enpp2
,Enpp6
,Epb41
,Epb41l1
,Epb41
,Epb41l3
,Epcam
,Epn2
,Selenoi
,Ermn
,Etnk2
,Etv1
,Evi5l
,Exo1
,Exog
,Wfdc18
,Extl1
,Extl2
,Fa2h
,Fah
,Fam114a1
,Fam122a
,Fam149a
,Fam163a
,Fam169a
,Fam177a
,Fam178b
,Fam180a
,Insyn2b
,Tafa4
,Calhm5
,Fam3c
,Tlcd3a
,Ccnq
,Brinp3
,Mindy1
,Tmem255a
,Tmem255b
,Miga1
,Fam89a
,Fanca
,Fancd2
,Far1
,Fbln7
,Fbn1
,Fbxo17
,Fbxo36
,Fbxo7
,Fchsd2
,Fem1b
,Fez1
,Fgf22
,Fhl2
,Fignl1
,Fip1l1
,Fkbp1a
,Fmnl2
,Fnta
,Fntb
,Foxm1
,Frmd4a
,Frmd5
,Frmd7
,Fryl
,Fsd1
,Fyn
,G0s2
,Gab1
,Gab2
,Gabra3
,Gale
,Galnt10
,Galnt13
,Galnt3
,Galnt6
,Galnt16
,Gamt
,Gap43
,Gas2
,Gbp11
,Gfod1
,Gfod2
,Gfra1
,Gfra2
,Ggct
,Gjb1
,Gjc3
,Glra4
,Glrb
,Gltp
,Nop53
,Gm7075
,Gmds
,Gna12
,Gnat1
,Gnb4
,Gne
,Gng12
,Gng13
,Gng8
,Gnptab
,Gnptg
,Gp1bb
,Gpatch11
,Gpc1
,Gpr158
,Gpr17
,Gpr37
,Gpr62
,Gpr75
,Gprc5b
,Gpt2
,Grb14
,Grhpr
,Gria3
,Grik3
,Grik4
,Grin3a
,Grxcr2
,Ppp1r17
,Gsn
,Gss
,Gstp1
,Gstp2
,Gstt1
,Gsx1
,Gsx2
,Gtf2h4
,Gucy2f
,Gypa
,Hapln2
,Hcn2
,Heatr3
,Hhatl
,Hif1an
,Hip1
,Hip1r
,H1f4
,H2ac8
,Hist1h2al
,H2bc4
,H2bc13
,H2bc22
,H4c3
,H4c8
,H4c9
,H2ac18
,H2ac20
,Hoxd1
,Hpcal4
,Hr
,Plaat1
,Hs3st1
,Hspa12a
,Htr5a
,Hypk
,Ibsp
,Cilk1
,Iffo1
,Ifit2
,Igf2
,Igf2bp2
,Igsf8
,Igsf9b
,Il17d
,Il17rb
,Il1rap
,Imp4
,Inf2
,Inhbc
,Inpp5b
,Inppl1
,Insc
,Iqcj
,Irs2
,Irx1
,Isg20
,Itga8
,Itgad
,Itgav
,Itgb4
,Itgb7
,Itgb8
,Itih2
,Itih5
,Itpr2
,Jam3
,Jmy
,Josd2
,Kank1
,Katnal1
,Kazn
,Kbtbd7
,Kcnd2
,Kcnh8
,Kcnip3
,Kcnj16
,Kcnk1
,Kcnk10
,Kcnmb4
,Kctd13
,Kctd15
,Kctd4
,Khdrbs2
,D630045J12Rik
,Kif13a
,Kif13b
,Kif18b
,Kif19a
,Kif2c
,Kif5a
,Kifc1
,Kl
,Klc3
,Klhdc4
,Klhl13
,Klk6
,Kndc1
,Kntc1
,Krt1
,Krt17
,
,
,Afg1l
,Lad1
,Larp6
,Cers2
,Lbh
,Dennd11
,Lcorl
,Ldb3
,Ldlr
,P3h4
,Lgi3
,Lgr5
,Lhfpl3
,Lig1
,Lims2
,Lingo3
,Lix1l
,Llph
,Lmcd1
,Lmnb1
,Lmo1
,Lnx1
,Lox
,Lpar3
,Adgrl3
,Lpo
,Lrfn2
,Lrrc17
,Lrrc42
,Lrrc4c
,Lrrc8b
,Lrrn1
,Lrrn3
,Lrrtm1
,Lrrtm3
,Lrrtm4
,Lsamp
,Ltk
,Lum
,Lypd1
,Lypd3
,Lypd6
,Macrod2
,Mafa
,Mag
,Mageh1
,Magi2
,Mal
,Map1a
,Map1lc3b
,Mapk8ip1
,Mapkap1
,Mapt
,Marveld3
,Masp1
,Matn1
,Matn2
,Matn4
,Mb21d2
,Mbnl2
,Mbp
,Mc4r
,Mc5r
,Mcf2
,Mcm10
,Mcm5
,Mcm6
,Mdk
,Mdm1
,Me3
,Megf11
,Mfap4
,Mical3
,Micall1
,Mif4gd
,Mink1
,Mir1199
,Mir1983
,Mkx
,Mmp15
,Mmp16
,Mmp17
,Mmp23
,Mobp
,Mog
,Atp5mpl
,Mpz
,Mrgprf
,Mrps18b
,Msc
,Mtap
,Map4
,Mtmr7
,Mx2
,Mybl1
,Mybpc1
,Mycl
,Mylk3
,Myo1d
,Myrf
,Myt1
,Nap1l5
,Nav2
,Ncald
,Ncam2
,Nceh1
,Ndrg1
,Necab2
,Nefh
,Nefl
,Nell2
,Neo1
,Neu4
,Neurog2
,Nfasc
,Sapcd1
,Ngb
,Nhsl2
,Ninj2
,Nkain1
,Nkx2-2
,Nkx2-2os
,Nkx2-9
,Nkx6-2
,Nlgn3
,Nmnat2
,Nmral1
,Nob1
,Nol3
,Npsr1
,Nptx2
,Nrd1
,Nrg2
,Nrtn
,Ntn1
,Nudt17
,Nudt18
,Nudt8
,Nuf2
,Nup210
,Nxph1
,Odf3l2
,Olfm2
,Olig1
,Olig2
,Omp
,Onecut2
,Opalin
,Opcml
,Osbpl6
,Otud7b
,Pacs2
,Pakap
,Pakap
,Pank3
,Papss1
,Parvb
,Pbk
,Pcbd1
,Pcbp4
,Pcdh15
,Pcdh20
,Pcdh7
,Pcdhb18
,Pcdhb2
,Pcdhb21
,Pcdhb5
,Pcdhb6
,Pcdhb9
,Pcdhgb6
,Pcmtd2
,Pcnx3
,Pcolce
,Pcp4
,Pcsk1n
,Pcyt2
,Pdcd4
,Pde4b
,Pde4d
,Pdgfra
,Pdlim2
,Pdzrn4
,Peli1
,Cpq
,Phf12
,Phf6
,Phlda3
,Phldb1
,Phospho1
,Pid1
,Pigq
,Pigz
,Pik3r3
,Pink1
,Pkd2l1
,Pkia
,Plaat3
,Plcb1
,Plekha1
,Plekhb1
,Plekhh1
,Plekhm1
,Plekhn1
,Plin3
,Plk1
,Plod2
,Plp1
,Plxnb3
,Pnlip
,Podn
,Polg
,Plpp4
,Ppfia3
,Ppfibp1
,Ppfibp2
,Ppm1e
,Ppp1r14a
,Ppp1r14c
,Ppp1r16b
,Ppp2r3a
,Ppp3r2
,Ppp4r4
,Desi1
,Pramel3
,Prc1
,Prelp
,Prepl
,Prickle1
,Prim1
,Prim2
,Prkcb
,Prkcq
,Prkg1
,Prkg2
,Prokr1
,Prph
,Prr11
,Prr16
,Prr18
,Prr5l
,Prss41
,Prss50
,Psip1
,Psrc1
,Pstpip2
,Pter
,Ptger2
,Ptk7
,Ptov1
,Ptpdc1
,Ptprd
,Ptpro
,Pus7
,Pus7l
,Pvalb
,Pycr1
,Qdpr
,Qpct
,R3hcc1
,R3hdm1
,Rab15
,Rab27b
,Rab33a
,Rab37
,Rab39b
,Rab4a
,Rabgap1l
,Rac3
,Racgap1
,Rad51
,Rad54l
,Raet1d
,Ralgps1
,Rap1gap
,Rap1gap2
,Rap2a
,Rapgef1
,Rapgef4
,Rasgrf1
,Rasl12
,Rcn1
,Recql
,Rfc3
,Rftn1
,Rgs6
,Rhbdl2
,Rhou
,Rhpn2
,Rictor
,Rimbp3
,Ripply2
,Rlbp1
,Rnd2
,Rnf122
,Rnf128
,Obi1
,Rnf220
,Rnf43
,Rnf7
,Rock1
,Rogdi
,Rprm
,Rras2
,Rrm1
,Rrm2
,Rsad2
,Rtkn
,Runx2
,Rxrg
,Ryr3
,S100a1
,S100a13
,S100a14
,S100a16
,S100a3
,S100a4
,S1pr5
,Samd4b
,Sapcd2
,Scd1
,Scd3
,Scel
,Scfd2
,Scn1a
,Scrg1
,Sdc3
,Sdr42e1
,Secisbp2l
,Sema3e
,Sema4d
,Sema4f
,Sema5a
,Sema6a
,Septin4
,Septin8
,Serinc2
,Serpina3n
,Serpinb1a
,Serpind1
,Serpine2
,Sgcd
,Sgcz
,Sgk2
,Sh3bp4
,Sh3d19
,Sh3gl3
,Sh3rf1
,Shc4
,Shisa7
,Shroom2
,Shroom3
,Sike1
,Sirt2
,Sis
,Six4
,Slain1
,Slc12a2
,Slc13a4
,Slc16a8
,Slc1a1
,Slc22a21
,Slc22a23
,Slc22a3
,Slc22a6
,Slc24a4
,Slc25a1
,Slc25a13
,Slc27a3
,Slc27a6
,Slc2a13
,Slc35f1
,Slc41a2
,Slc44a1
,Slc44a2
,Slc45a3
,Slc48a1
,Slc4a1
,Slc4a8
,Slc5a11
,Slc6a13
,Slc6a19
,Slco3a1
,Slitrk1
,Slitrk3
,Slitrk4
,Slpi
,Smarcb1
,Smoc1
,Smtnl2
,Smyd2
,Sncb
,Snora17
,Snora34
,Sntg1
,Snx11
,Snx15
,Snx22
,Snx25
,Snx30
,Snx32
,Sorcs3
,Sox10
,Sox2ot
,Sox3
,Sox6
,Sox8
,Sp7
,Spa17
,Spc24
,Speer4b
,Spin2c
,Spon1
,Spsb1
,Spsb4
,Srd5a1
,Srpk3
,Srpx2
,Ssh3
,Sstr1
,Sstr3
,St18
,St8sia1
,Stam
,Steap1
,Stk32a
,Stk33
,Stk39
,Stmn4
,Strn
,Stx1b
,Stxbp6
,Sulf1
,Sulf2
,Syce2
,Sycp3
,Syde2
,Synj2
,Synpo
,Syt2
,Syt3
,Sytl5
,Szt2
,Tacc2
,Taf9b
,Tbc1d14
,Tbc1d19
,Tbc1d22b
,Tbc1d23
,Tbc1d5
,Tbc1d8
,Tbc1d9b
,Tbx18
,Tceal3
,Tceal5
,Tcf7l2
,Tcfl5
,Tdrd7
,Itpr3
,Tfeb
,Tgoln1
,Tgoln2
,Tm7sf3
,Tmcc1
,Tmcc3
,Tmem100
,Tmem108
,Tmem121
,Tmem132b
,Tmem132c
,Tmem132d
,Tmem132e
,Tmem151a
,Tmem163
,Tmem179
,Tmem196
,Cemip2
,Tmem200b
,Tmem26
,Tmem40
,Tmem9
,Tmf1
,Tmod1
,Tmprss5
,Tnfrsf13c
,Tnpo1
,Tnr
,Tns3
,Tpd52l2
,Tpm1
,Tppp
,Tppp3
,Tpx2
,Traf4
,Trak2
,Trf
,Trim27
,Trim67
,Trp53inp2
,Tsga13
,Tshz3
,Tspan2
,Tspo2
,Ttc30a2
,Ttl
,Tub
,Tubb4a
,Tyw5
,Ubap1
,Ube2j2
,Ubl3
,Ubr3
,Ucn
,Ugdh
,Ugt8a
,Uhrf1
,Unc80
,Uri1
,Urm1
,Usp16
,Usp24
,Usp32
,Usp54
,Ust
,Utp14b
,Vamp1
,Vat1l
,Vcan
,Vipr2
,Vldlr
,Vmp1
,Vps13b
,Vsnl1
,Vstm2b
,Wasf1
,Wdhd1
,Wfikkn1
,Ccn6
,Wnt10a
,Wnt4
,Wnt6
,Xkr5
,Xpo6
,Xrcc3
,Xylt1
,Ythdc2
,Rtl4
,Zcchc17
,Zcchc24
,Zdhhc14
,Zdhhc15
,Zdhhc2
,Zdhhc23
,Zfhx4
,Zfp365
,Zfp41
,Zfp462
,Zfp579
,Zfp648
,Zfp651
,Zfp791
,Zfp932
,Zfp276
,Zfp281
,Zfp579
,Zzef1
,Septin5
,Ggact
,A3galt2
,A4galt
,AA467197
,Uqcc3
,AU021092
,AW112010
,Abca4
,Abcb1a
,Abcb1b
,Abcc4
,Abcc6
,Abcc9
,Abcg2
,Ablim1
,Acacb
,Ace2
,Acer2
,Acnat1
,Acot10
,Acot9
,Acss3
,Acta2
,Actn1
,Actn4
,Actr3
,Acvrl1
,Adam10
,Adamts8
,Adamts9
,Adamtsl2
,Adcy4
,Adh1
,Adipor1
,Adm
,Adora2a
,Afap1l1
,Agfg1
,Ahnak
,Ahr
,Slc45a2
,Akap12
,Pakap
,Akr1c14
,Aldh1a7
,Alkbh2
,Alox12
,Amdhd1
,Ammecr1
,Angpt2
,Angptl4
,Ankrd37
,Ano1
,Ano6
,Anpep
,Antxr2
,Anxa1
,Anxa11
,Anxa2
,Anxa3
,Anxa5
,Anxa6
,Anxa7
,Aoc3
,Apbb2
,Apcdd1
,Apln
,Aplnr
,Apoa1
,Apol8
,Apold1
,Apool
,Aqp11
,Arhgap18
,Arhgap28
,Arhgap29
,Arhgef15
,Arhgef5
,Arid5a
,Arl4a
,Armc10
,Arpc3
,Art3
,Asb4
,Ascc3
,Aspn
,Atox1
,Atp10a
,Atp10d
,Atp11c
,Atp13a5
,Atp7a
,Avpi1
,B3gnt2
,Helz2
,Ginm1
,Smco4
,Ccm2l
,BC028528
,BC039771
,Bag2
,Bambi
,Bcam
,Bche
,Bcl10
,Bcl6b
,Bend5
,Best1
,Bgn
,Bmpr2
,Bmx
,Bnip2
,Bnip3l
,Bok
,Bpifb1
,Bsg
,Bspry
,Btbd7
,Btf3
,C1qtnf9
,C8g
,Cald1
,Calml4
,Calr3
,Calu
,Capg
,Capn12
,Car4
,Car5a
,Card10
,Casp12
,Casp6
,Casp7
,Casp8
,Casq2
,Cast
,Cav1
,Cav2
,Ackr4
,Ccdc125
,Ccdc126
,Ccdc141
,Efcc1
,Bicdl2
,Ccdc85a
,Ccl19
,Ccl20
,Ccng2
,Ccnjl
,Ccr10
,Noct
,Cd109
,Cd151
,Cd248
,Cd27
,Cd2ap
,Cd300lg
,Cd320
,Cd34
,Cd40
,Cd55
,Cd59a
,Cd69
,Cd93
,Adgre5
,Cdc42ep3
,Cdc42ep5
,Cdhr4
,Cdh5
,Cdhr4
,Cdk1
,Cdkn1c
,Cdkn2a
,Cdkn2b
,Cdkn3
,Ceacam1
,Cebpd
,Ces2b
,Ces2e
,Ces2g
,Cfi
,Cgnl1
,Chek2
,Chic2
,Chmp2b
,Chrnb1
,Chst9
,Cish
,Cks1b
,Cks2
,Clca2
,Cldn5
,Cldn6
,Clec14a
,Clec1a
,Clec1b
,Clec2d
,Clec9a
,Clic5
,Clic6
,Clint1
,Cmtm8
,Cngb1
,Cnn2
,Cnot6l
,Cobll1
,Col14a1
,Col18a1
,Col28a1
,Col4a1
,Col4a2
,Col4a3
,Cox4i2
,Cox7b
,Cpa1
,Cr1l
,Crem
,Crip2
,Crispld1
,Crk
,Crtap
,Crybb3
,Crybg3
,Ybx3
,Csf3
,Csrp2
,Cthrc1
,Ctla2a
,Ctla2b
,Ctnna1
,Ctnnb1
,Ctsw
,Cttnbp2nl
,Cutc
,Cxcl1
,Cxcl11
,Cxcr4
,Cyp2d13
,Cyp2d22
,Cyp2d9
,Cyp39a1
,Cyp8b1
,Cysltr2
,Cytl1
,Cyyr1
,Lurap1l
,Dab2
,Dapl1
,Dbh
,Dcbld1
,Ddi2
,Ddx10
,Ddx58
,Def6
,Degs2
,Dennd2c
,Dennd3
,Dennd5b
,Dera
,Des
,Dgka
,Dgkh
,Dhx40
,Dlc1
,Dleu2
,Dll4
,Dmgdh
,Dnah6
,Dnajc10
,Dnajc2
,Dnase1l1
,Dnmt3b
,Dok4
,Dpp4
,Dram2
,Dtx3l
,Dusp22
,Dusp23
,Dusp6
,Dysf
,E2f7
,Ebf1
,Ece1
,Ecm1
,Ecm2
,Ecscr
,Edn3
,Eef1a1
,Efna1
,Egfl7
,Egfl8
,Egflam
,Ehd2
,Eif3e
,Eif3h
,Eif3m
,Elf1
,Elk3
,Elk4
,Adgrl4
,Emcn
,Emp1
,Endou
,Eng
,Enox2
,Enpep
,Enpp3
,Epas1
,Ephb4
,Epor
,Eps8l2
,Erg
,Erich1
,Esam
,Esm1
,Esyt1
,Esyt2
,Etl4
,Ets1
,Ets2
,Exoc3l
,Exoc5
,Exoc6
,F2r
,F2rl1
,F2rl3
,F5
,Ubald2
,Rflna
,Rflnb
,Fam111a
,Tcaf2
,Fam124b
,Niban1
,Fam13a
,Fam162b
,Eva1b
,Fam187b
,Gask1b
,Piezo2
,Fam43a
,Nxpe2
,Gm9027
,Ripor1
,Fam71a
,Fam71f2
,Eef2kmt
,Fap
,Far2
,Fbln5
,Fbxl12
,Fbxl22
,Fbxl8
,Fcho2
,Fem1c
,Fermt2
,Fgd5
,Fgfbp1
,Fgfr4
,Filip1
,Filip1l
,Fkbp10
,Fkbp7
,Fkbpl
,Fli1
,Flna
,Flnb
,Flrt2
,Flt1
,Flt4
,Fn1
,Fndc1
,Foxc1
,Foxf1
,Foxf2
,Foxl2
,Foxl2os
,Foxp1
,Foxq1
,Frem1
,Frk
,Frmd4b
,Fut4
,Timm10b
,Fxyd5
,Fzd4
,Fzd6
,G6pc
,Gabpb1
,Gadd45a
,Galnt15
,Galnt18
,Gata2
,Gata3
,Gbe1
,Gbp2
,Gbp4
,Gbp5
,Gbp9
,Gchfr
,Gcnt2
,Myzap
,Gdpd3
,Gimap1
,Gimap4
,Gimap5
,Gimap6
,Gimap8
,Gimap9
,Gipc3
,Gja4
,Gja5
,Gjc1
,Gkn3
,Glipr2
,Glyatl3
,Gmnn
,Gng11
,Gng5
,Golim4
,Gpcpd1
,Gpihbp1
,Adgrf5
,Adgra2
,Adgrg6
,Gpr143
,Slc52a2
,Gper1
,Gpr4
,Adgrg3
,Gprc5a
,Grasp
,Grb10
,Grb7
,Grcc10
,Grk5
,Grp
,Grrp1
,Gsta4
,Gstm2
,Gstt2
,Gt(ROSA)26Sor
,Gtf2e2
,Gypc
,H2-D1
,H2-Q4
,H2-T10
,Haus1
,Hbp1
,Hdac7
,Heg1
,Heph
,Hhex
,Hic1
,Higd1b
,H2ac11
,H3c3
,Hmcn1
,Hmg20b
,Hmgcs2
,Hmgn5
,Hopx
,Hprt
,Hrct1
,Hsd3b7
,Hsf4
,Hspa12b
,Hspb1
,Hspb2
,Hspb8
,Hspg2
,Htr2a
,Htra3
,Hyal2
,Icam2
,Ier5l
,Ifi44
,Ifi47
,Ifih1
,Ifitm1
,Ifitm2
,Ifitm3
,Lmntd1
,Ifnar1
,Igbp1
,Igf1r
,Igfbp1
,Igfbp7
,Igsf5
,Iigp1
,Il13ra1
,Il15
,Il17rc
,Il17re
,Il1r1
,Il20rb
,Il27ra
,Il2rg
,Il3ra
,Il6
,Impdh1
,Insl3
,Insr
,Ipmk
,Iqcg
,Iqgap1
,Irf7
,Irf9
,Irx3
,Ism1
,Isyna1
,Itga1
,Itga2b
,Itga4
,Itgb1
,Itgb3bp
,Itm2a
,Itpr1
,Itprip
,Itsn2
,Jag1
,Jag2
,Jak2
,Ajuba
,Kank3
,Kank4
,Kcna5
,Kcne3
,Kcng2
,Kcnj14
,Kcnj15
,Kcnj2
,Kcnj8
,Kcnk5
,Kcnmb1
,Kcnq1
,Kcnrg
,Kcp
,Kctd10
,Kctd12b
,Kdr
,Kif26a
,Kitl
,Klf11
,Klhl4
,Klrg1
,Krtap9-1
,Kti12
,Lalba
,Lama1
,Lama4
,Lama5
,Lamb1
,Lamb2
,Lamc1
,Lbp
,Ldha
,Ldlrad3
,Lef1
,Lepr
,Lims1
,Lipc
,Lipo1
,Lipt2
,Lmbr1
,Lmo2
,Lnx2
,Loxl2
,Loxl4
,Lpar6
,Adgrl2
,Lrp8
,Lrrc18
,Lrrc32
,Lrrc55
,Lrrc8c
,Naa38
,Lsr
,Lta4h
,Ltbp4
,Luzp1
,Ly6a
,Ly6c1
,Ly6c2
,Ly6g5c
,Ly6i
,Ly75
,Lypd2
,Lypla1
,Lysmd3
,Lzts1
,Madcam1
,Magix
,Mall
,Malt1
,Mamstr
,Man2a1
,Mansc1
,Maoa
,Map4k2
,Mapk12
,Marveld1
,Marveld2
,Mbd2
,Mecom
,Mef2a
,Megf6
,Meox1
,Tlnrd1
,Mfsd2a
,Mfsd6l
,Flvcr2
,Mgp
,Mgst2
,Mill2
,Mipol1
,Mir1192
,Mir703
,Mrtfb
,Mlkl
,Afdn
,Mmp25
,Mmp28
,Mmrn1
,Mmrn2
,Mogat2
,Mospd1
,Mpp1
,Mpp7
,Mprip
,Msmp
,Msrb3
,Msx1
,Msx1os
,Msx3
,Mtfr1
,Mtmr6
,Mtus1
,Muc13
,Mustn1
,Mxra7
,Myct1
,Myh10
,Myl12b
,Myl4
,Myl6
,Myl9
,Mylk
,Mylpf
,Myo1b
,Myo1e
,Myof
,N4bp3
,Naalad2
,Nampt
,Ncaph
,Nck1
,Ndufa4l2
,Nes
,Net1
,Nid1
,Nid2
,Nlrc3
,Nme2
,Nmi
,Nod1
,Nodal
,Nomo1
,Nos2
,Nos3
,Nostrin
,Notch4
,Notum
,Nox4
,Noxo1
,Npm1
,Npr1
,Npr3
,Nr1h3
,Nrbp1
,Nrip1
,Nrp1
,Nsa2
,Nsmce1
,Nt5dc1
,Nubpl
,Nudt14
,Nup37
,Nxn
,Oas1a
,Oas1b
,Oas1c
,Oaz2-ps
,Ocln
,Odc1
,Odf3b
,Ofd1
,Ogn
,Olfr1372-ps1
,Olfr1373
,Olfr520
,Olfr56
,Osbpl9
,Osmr
,Ostc
,P2ry14
,Pak1ip1
,Palmd
,Papln
,Paqr5
,Pard6g
,Parp9
,Pawr
,Pcdh1
,Pcdh12
,Pcdh19
,Pcdhgb8
,Pcp4l1
,Pdcd10
,Pde2a
,Pde5a
,Pde7b
,Pdgfd
,Pdia5
,Pdlim1
,Pear1
,Pecam1
,Pglyrp1
,Pgm1
,Pgm5
,Phactr2
,Phactr4
,Phf7
,Phldb2
,Pik3r6
,Pip5k1a
,Pip5k1b
,Pir
,Pkn3
,Pla1a
,Pla2g2f
,Plac9a
,Plekhg5
,Plekhh2
,Plk2
,Plp2
,Pls3
,Pltp
,Plvap
,Plxnd1
,Pmaip1
,Pnpla6
,Pnrc2
,Podxl
,Polk
,Polr2k
,Pomc
,Pomp
,Pop5
,Pou2af1
,Plpp6
,Ppef1
,Ppic
,Ppm1j
,Ppp1cc
,Ppp1r13b
,Ppp1r2
,Slc66a2
,Pramef8
,Prcp
,Prelid2
,Prep
,Prex2
,Prickle3
,Cavin3
,Prkch
,Prkd2
,Prnd
,Procr
,Prom1
,Prop1
,Prrg2
,Psma8
,Psmc3ip
,Psors1c2
,Ptges
,Ptgfrn
,Ptgis
,Ptgs2
,Ptpn12
,Ptprb
,Ptprg
,Ptprk
,Ptprm
,Cavin1
,Pvr
,Rab11fip1
,Rab12
,Rab13
,Rab42
,Rab29
,Rad51ap1
,Rad51b
,Rai14
,Raly
,Ramp2
,Rap1b
,Rapgef5
,Rapgef6
,Rasd1
,Rasgrp3
,Rasip1
,Rassf1
,Rassf3
,Rassf9
,Rbms2
,Rbp1
,Rbp7
,Rbpms
,Rd3
,Rdm1
,Rec8
,Rem1
,Ret
,Rgl1
,Rgs12
,Rgs3
,Rgs5
,Rhobtb1
,Rhoc
,Rhod
,Rhoj
,Ripk1
,Ripply3
,Rmnd5b
,Rnaseh2c
,Rnf125
,Rnf144b
,Rnf183
,Rnf19a
,Robo4
,Rock2
,Ptbp3
,Rpap3
,Rpf1
,Rph3al
,Rpl17
,Rpl22l1
,Rpl23
,Rpl23a
,Rpl27
,Rpl31
,Rpl34
,Rpl35
,Rpl37
,Rpl38
,Rpl39
,Rpl4
,Rprl3
,Rps16
,Rps18
,Rps24
,Rps27
,Rps27l
,Rps6ka3
,Rps7
,Rpsa
,Rras
,Rtp3
,Rtp4
,Rxfp4
,S100a11
,Samd9l
,Sav1
,Scarb1
,Scarf1
,Scgb3a1
,Sdcbp
,Sdcbp2
,Cavin2
,Sec61b
,Sec61g
,Sectm1a
,Sele
,Selp
,Sema3g
,Sema4c
,Sema7a
,Selenop
,Septin1
,Septin10
,Serpina1a
,Serpina1b
,Serpina1c
,Serpina1e
,Serpina3f
,Serpina3g
,Serpina3h
,Serpina3i
,Serpinb6a
,Serpinb6b
,Serpinb6c
,Serpinb9
,Serpinb9b
,Serpinh1
,Sertad1
,Sestd1
,Sgms1
,Sgms2
,Sgpp2
,Sh3bgr
,Sh3bgrl
,Sh3bp5
,Sh3tc2
,She
,Sem1
,Shroom1
,Shroom4
,Sigirr
,Slain2
,Slc16a1
,Slc16a11
,Slc16a13
,Slc16a2
,Slc16a4
,Slc16a9
,Slc19a3
,Slc22a18
,Slc22a8
,Slc23a3
,Slc25a20
,Slc25a24
,Slc26a10
,Slc2a1
,Slc30a1
,Slc31a1
,Slc31a2
,Slc35b3
,Slc35d2
,Slc35f2
,Slc38a11
,Slc38a2
,Slc38a5
,Slc39a10
,Slc39a8
,Slc3a2
,Slc40a1
,Slc43a3
,Slc47a2
,Slc5a5
,Slc5a6
,Slc6a20a
,Slc6a6
,Slc7a1
,Slc7a5
,Slc9a2
,Slc9a3r2
,Slco1a4
,Slco1a5
,Slco1a6
,Slco1b2
,Slco1c1
,Slco2a1
,Slfn3
,Slfn5
,Slk
,Smad6
,Smoc2
,Smtn
,Snai2
,Snora15
,Snora21
,Snrk
,Snrpb2
,Snrpe
,Snrpg
,Sntb2
,Snx7
,Sod3
,Sox13
,Sox17
,Sox18
,Sox7
,Sp100
,Spata4
,Spata6
,Sptbn1
,Spock2
,Spon2
,Srgn
,Srms
,Srpr
,Ssu72
,St3gal1
,St3gal6
,St6galnac2
,St8sia4
,St8sia6
,Stap2
,Stard13
,Stc1
,Steap4
,Stk3
,Stom
,Stox1
,Stra6
,Sugt1
,Syap1
,Synj2bp
,Syt15
,Sytl4
,T
,Tacr3
,Taf7
,Tagln2
,Tax1bp3
,Tbc1d1
,Tbc1d2
,Tbrg1
,Tbx1
,Tbx2
,Tbx3
,Tbx4
,Tbxa2r
,Tcea1
,Tcea3
,Tcf15
,Tcf23
,Tcf7
,Tcp11l2
,Tead2
,Tead4
,Tecrl
,Tek
,Tns2
,Tepp
,Tes
,Tfpi
,Tfpi2
,Tfrc
,Tgfb1i1
,Tgfbr3
,Tgtp2
,Thbd
,Thsd1
,Tiam1
,Tie1
,Timp1
,Tinagl1
,Tjp1
,Tm4sf1
,Tango6
,Tmem123
,Tmem154
,Tmem204
,Tmem45a
,Tmem71
,Tmem88
,Tmem98
,Tmigd1
,Tmod3
,Tmod4
,Tmsb10
,Tmsb4x
,Tmtc2
,Tnfaip1
,Tnfaip8l1
,Tnfrsf10b
,Tnfrsf11b
,Tnfrsf18
,Tnfrsf25
,Tnfrsf8
,Tnfsf10
,Tnks1bp1
,Tns1
,Tpd52l1
,Tpk1
,Tpm4
,Trib3
,Trim12c
,Trim16
,Trim25
,Trim34a
,Trim56
,Trim69
,Triobp
,Trip10
,Trpm6
,Tsc22d1
,Tshz2
,Tspan13
,Tspan18
,Tspan5
,Ttc32
,Ttc7b
,Ttr
,Txn1
,Tyms
,Tyms-ps
,Uaca
,Ubb
,Ube2d3
,Ube2l6
,Ubxn10
,Ubxn2a
,Unc45b
,Ushbp1
,Usp18
,Usp3
,Usp43
,Usp53
,Usp6nl
,Utp14a
,Utrn
,Vamp5
,Vangl1
,Vegfc
,Vil1
,Vim
,Vsig2
,Vtn
,Vwa1
,Vwa3a
,Vwf
,Tceal9
,Wdr86
,Wee1
,Wfdc1
,Wnt5b
,Wwc2
,Wwtr1
,Xaf1
,Xiap
,Yes1
,Zap70
,Tut7
,Zdhhc20
,Zfand2a
,Zfp119b
,Zfp277
,Zfp366
,Zfp52
,Zfp69
,Zfp747
,Zfp758
,Zfp820
,Zfp949
,Zfp959
,Zic3
