"","ivory","darkgrey","orange","darkmagenta","purple","skyblue","royalblue","saddlebrown","salmon","bisque4","orangered4","red","sienna3","white","plum2","plum1","yellow","grey60","lightyellow","floralwhite","palevioletred3","pink","darkturquoise","mediumpurple3","paleturquoise","thistle1","lightgreen","thistle2","lightcyan1","blue","brown","darkolivegreen","magenta","tan","darkgreen","turquoise","darkorange2","midnightblue","darkorange","green","cyan","yellowgreen","darkred","violet","darkslateblue","lightsteelblue1","brown4","greenyellow","steelblue","salmon4","lightcyan","black","skyblue3"
"","FET pValue","FET pValue","FET pValue","FET pValue","FET pValue","FET pValue","FET pValue","FET pValue","FET pValue","FET pValue","FET pValue","FET pValue","FET pValue","FET pValue","FET pValue","FET pValue","FET pValue","FET pValue","FET pValue","FET pValue","FET pValue","FET pValue","FET pValue","FET pValue","FET pValue","FET pValue","FET pValue","FET pValue","FET pValue","FET pValue","FET pValue","FET pValue","FET pValue","FET pValue","FET pValue","FET pValue","FET pValue","FET pValue","FET pValue","FET pValue","FET pValue","FET pValue","FET pValue","FET pValue","FET pValue","FET pValue","FET pValue","FET pValue","FET pValue","FET pValue","FET pValue","FET pValue","FET pValue"
"Astrocytes","0.107912241770342","0.449860092962876","0.119474826828023","0.146074985875857","0.22775908457818","0.0750569032766616","0.197349402100757","0.055743524568581","0.568929302124594","0.000104133858293916","2.01298481353068e-12","0.000233907277491258","0.914739605862909","0.0214214991773647","0.250766455021665","0.00289119727246028","2.94656273155579e-20","0.000483206671019296","7.70903282180752e-08","0.353185458379774","0.965716977779078","0.993194548422504","0.977091220570544","0.914457271723116","0.977309967844022","0.979732967437607","0.99944400423089","1","0.721382748545073","0.999999999999944","0.048711663795281","0.973056783714124","0.999969405181857","0.979016400775524","0.183010377597591","0.980237589155279","0.327033293997924","0.974415170315743","0.799824347691068","0.781102153942416","0.559695194235255","0.000274915704514474","0.11090291903344","0.411561107276958","0.83412789978749","0.742633966025039","0.508053037792005","0.823733076910575","0.93625189392921","0.0782227845145582","0.988650028262394","0.887806400700589","0.616345607632248"
"Microglia","0.204951533774285","0.446519591040641","0.196328073659232","0.375057018017779","0.224732738999522","0.222376153583015","9.33809352905498e-06","1.56277483067014e-35","2.69226150796685e-40","2.04011358354526e-07","0.196921974320679","1.75282218270801e-05","0.0167822338824966","2.07364322501617e-05","0.00288927435076534","0.0181493823396659","0.011074825417236","2.80349912306284e-13","0.00179720396009897","0.869424330270961","0.965381505515497","0.999278154838686","0.999875656048037","0.974986571939549","0.999396847945289","0.979503564792554","0.845501979653652","0.224651976764867","0.993339202592752","0.975708887848487","1.90637535038833e-08","0.921519764626647","0.999235723732744","0.992960505247843","0.109168883456384","1","0.184619690035201","0.784088801112622","0.895875414965205","0.984779301677276","0.999670259069971","0.99165716501497","0.675797172664085","0.715761495312648","1","0.740622031966921","1","0.716100879971178","0.935357324114519","0.979503564792554","0.988411527732798","0.885665966791468","0.767609100482561"
"Neuron","0.280149741659371","0.00931145447594607","0.000277573496166538","0.94726205714009","0.99999561146148","0.38259079728627","0.992932967171868","0.999353709276855","0.999984099729967","0.982604833845585","0.999506478273081","0.996229285867169","0.998900412193034","0.670300050003314","1","0.961500016106544","0.999316957918045","0.96705067530844","0.517910014562836","0.0192539488007609","3.46569943892862e-05","0.722211693071305","0.793548332562291","0.019689515752198","0.039061441535609","1.13366353295638e-05","0.999963812099804","0.275110108838335","0.165441653186164","1","0.999999999856004","0.676758589312592","0.997230108556835","0.981476003547578","0.607580313740534","6.44080309379712e-38","0.567451656829588","0.40377459134277","0.0405529611130813","0.921450222894155","0.425275073081227","0.143066237727322","0.364143622782591","0.119469554631028","0.213905280639203","0.00390265000336825","0.145141884863847","0.260397238914858","0.911632688966182","0.723135160487689","0.00533744462806413","2.71943802176964e-09","0.0617872037134159"
"Oligodendrocytes","0.577207637989506","0.0430712541673045","0.376792068587777","6.24721235140467e-09","1.17014082309498e-37","0.0233276822512251","0.4872516933162","0.944019144804158","0.473902929963141","0.515139438626691","0.506121197997631","0.0952179021618778","0.926801662013126","0.108528353272695","0.695845929503884","0.137085574517435","0.911973455763996","0.0535398790656584","0.645931456888388","0.10588348506289","0.512095339176478","0.995101764767448","0.934787054478251","0.294272338919177","0.852638642334905","0.611186896282932","0.997406404969284","0.864249220955888","0.0464860033585949","0.999990221210036","0.998761308930925","0.933019388425553","0.999696388623694","1","0.000425015749366568","0.00181841002264678","0.982257983042928","0.969320838165281","0.990304129063582","0.805173182289918","0.852274093288854","0.996693658970259","0.4690605096847","0.540026884777961","0.515139438626691","0.92491791780031","0.351079750335514","0.869899118808282","0.857985490160713","0.960204672248829","0.276527816566044","0.470570728753666","0.27611903058507"
"Endothelia","0.757667496557395","0.50987731934041","0.802156849235933","0.0499791769111479","0.806718173895524","0.580304799241034","0.607753335227563","0.842463186495924","1.98365606898764e-06","0.294395927939262","0.169218813014147","0.359495718857137","6.38283859532124e-24","1.21700279739048e-05","0.128316806539732","0.122167945782123","0.649389866780653","0.0445129139240373","0.464118493109667","0.908724775825823","0.747188198356786","0.656287841255997","0.925225306494717","0.821187795399029","0.981697427568226","0.956347386112999","0.656518738254793","0.427554751815191","0.554423334149911","0.874337220660267","0.998761555163036","0.978629966871455","0.848115600328122","0.592054728557579","2.03992278448866e-09","0.999984693201132","0.530175801189085","0.997688728575706","0.988549520718174","0.977105546570994","0.989840414689607","0.628812385242064","0.93608347390819","0.511970992664839","0.492641037852314","0.775068879159774","0.73919496178246","0.742356891925953","0.982621543523472","1","0.996972113087761","0.157083633763389","0.253276143267802"
"","FDR corrected","FDR corrected","FDR corrected","FDR corrected","FDR corrected","FDR corrected","FDR corrected","FDR corrected","FDR corrected","FDR corrected","FDR corrected","FDR corrected","FDR corrected","FDR corrected","FDR corrected","FDR corrected","FDR corrected","FDR corrected","FDR corrected","FDR corrected","FDR corrected","FDR corrected","FDR corrected","FDR corrected","FDR corrected","FDR corrected","FDR corrected","FDR corrected","FDR corrected","FDR corrected","FDR corrected","FDR corrected","FDR corrected","FDR corrected","FDR corrected","FDR corrected","FDR corrected","FDR corrected","FDR corrected","FDR corrected","FDR corrected","FDR corrected","FDR corrected","FDR corrected","FDR corrected","FDR corrected","FDR corrected","FDR corrected","FDR corrected","FDR corrected","FDR corrected","FDR corrected","FDR corrected"
"Astrocytes","0.498123280404433","1","0.519029985400429","0.577759272494062","0.745137745842195","0.382501526313756","0.69730122075601","0.29544068021348","1","0.00125433965672218","6.66801219482037e-11","0.00269501863196449","1","0.141917432050041","0.808652746577923","0.0247150734581282","1.30139853977047e-18","0.00474258399333753","1.57145669059922e-06","1","1","1","1","1","1","1","1","1","1","1","0.274650870335095","1","1","1","0.679503025824004","1","0.952349702301646","1","1","1","1","0.00294227905936531","0.498123280404433","1","1","1","1","1","1","0.391113922572791","1","1","1"
"Microglia","0.714633637502441","1","0.69730122075601","1","0.744427197935917","0.744427197935917","0.000154662174074973","1.03533832531897e-33","7.13449299611215e-38","3.86164356885353e-06","0.69730122075601","0.000244472567588222","0.123535888301711","0.000274757727314643","0.0247150734581282","0.129988819459769","0.0838522495876438","1.06132466801665e-11","0.0166165053793585","1","1","1","1","1","1","1","1","0.744427197935917","1","1","4.20991223210756e-07","1","1","1","0.498123280404433","1","0.679503025824004","1","1","1","1","1","1","1","1","1","1","1","1","1","1","1","1"
"Neuron","0.843632744769696","0.0725745716507561","0.00294227905936531","1","1","1","1","1","1","1","1","1","1","1","1","1","1","1","1","0.133787735239294","0.000437338262531469","1","1","0.133787735239294","0.246459095403248","0.000176718138960847","1","0.84229737229887","0.635391856439616","1","1","1","1","1","1","8.53406409928119e-36","1","1","0.24991941151085","1","1","0.577759272494062","1","0.519029985400429","0.736167524277776","0.0323188203403933","0.577759272494062","0.821491289433777","1","1","0.0428612977708181","7.20651075768955e-08","0.321051156550102"
"Oligodendrocytes","1","0.259406417143993","1","1.50501024829294e-07","1.03362439373389e-35","0.150776482843284","1","1","1","1","1","0.467273038386993","1","0.498123280404433","1","0.567619956986252","1","0.289552407191826","1","0.498123280404433","1","1","1","0.866832454487827","1","1","1","1","0.267799801957123","1","1","1","1","1","0.00433189129162079","0.0166165053793585","1","1","1","1","1","1","1","1","1","1","1","1","1","1","0.84229737229887","1","0.84229737229887"
"Endothelia","1","1","1","0.275926705863629","1","1","1","1","3.5044590552115e-05","0.866832454487827","0.64061407783927","1","3.38290445552026e-22","0.000179169856282487","0.539745297349665","0.522169445681655","1","0.262131604219331","1","1","1","1","1","1","1","1","1","1","1","1","1","1","1","1","6.00643930988328e-08","1","1","1","1","1","1","1","1","1","1","1","1","1","1","1","1","0.612164160989676","0.808652746577923"
"","Overlap","Overlap","Overlap","Overlap","Overlap","Overlap","Overlap","Overlap","Overlap","Overlap","Overlap","Overlap","Overlap","Overlap","Overlap","Overlap","Overlap","Overlap","Overlap","Overlap","Overlap","Overlap","Overlap","Overlap","Overlap","Overlap","Overlap","Overlap","Overlap","Overlap","Overlap","Overlap","Overlap","Overlap","Overlap","Overlap","Overlap","Overlap","Overlap","Overlap","Overlap","Overlap","Overlap","Overlap","Overlap","Overlap","Overlap","Overlap","Overlap","Overlap","Overlap","Overlap","Overlap"
"Astrocytes","8","9","12","10","14","12","12","12","10","14","27","32","4","14","6","14","66","21","28","6","1","7","4","3","3","1","2","0","4","74","117","3","3","5","12","251","6","5","6","15","10","17","13","8","3","4","5","8","4","7","4","12","6"
"Microglia","7","9","11","8","14","10","24","54","68","18","8","35","13","21","11","12","29","37","19","3","1","5","1","2","1","1","7","6","1","127","155","4","5","4","13","116","7","8","5","10","2","2","8","6","0","4","0","9","4","1","4","12","5"
"Neuron","8","19","23","5","2","11","5","2","2","2","1","11","2","9","0","4","11","7","12","12","14","17","9","13","15","16","2","7","9","75","70","8","9","7","11","567","6","14","16","17","14","12","13","13","8","14","9","16","6","4","22","50","13"
"Oligodendrocytes","4","12","8","23","64","12","8","3","9","4","5","19","3","10","3","8","11","13","7","7","3","5","4","6","4","3","2","2","8","83","60","3","3","0","18","270","1","4","2","12","6","1","8","6","4","2","5","6","4","1","10","14","7"
"Endothelia","3","7","5","10","7","6","7","4","24","5","7","15","39","19","6","8","14","13","8","2","2","11","4","3","2","1","7","4","4","109","58","2","9","8","27","175","4","2","2","8","3","5","4","6","4","3","3","7","2","0","2","17","7"
"","CategoryHitsInDataSet(ADJ)","CategoryHitsInDataSet(ADJ)","CategoryHitsInDataSet(ADJ)","CategoryHitsInDataSet(ADJ)","CategoryHitsInDataSet(ADJ)","CategoryHitsInDataSet(ADJ)","CategoryHitsInDataSet(ADJ)","CategoryHitsInDataSet(ADJ)","CategoryHitsInDataSet(ADJ)","CategoryHitsInDataSet(ADJ)","CategoryHitsInDataSet(ADJ)","CategoryHitsInDataSet(ADJ)","CategoryHitsInDataSet(ADJ)","CategoryHitsInDataSet(ADJ)","CategoryHitsInDataSet(ADJ)","CategoryHitsInDataSet(ADJ)","CategoryHitsInDataSet(ADJ)","CategoryHitsInDataSet(ADJ)","CategoryHitsInDataSet(ADJ)","CategoryHitsInDataSet(ADJ)","CategoryHitsInDataSet(ADJ)","CategoryHitsInDataSet(ADJ)","CategoryHitsInDataSet(ADJ)","CategoryHitsInDataSet(ADJ)","CategoryHitsInDataSet(ADJ)","CategoryHitsInDataSet(ADJ)","CategoryHitsInDataSet(ADJ)","CategoryHitsInDataSet(ADJ)","CategoryHitsInDataSet(ADJ)","CategoryHitsInDataSet(ADJ)","CategoryHitsInDataSet(ADJ)","CategoryHitsInDataSet(ADJ)","CategoryHitsInDataSet(ADJ)","CategoryHitsInDataSet(ADJ)","CategoryHitsInDataSet(ADJ)","CategoryHitsInDataSet(ADJ)","CategoryHitsInDataSet(ADJ)","CategoryHitsInDataSet(ADJ)","CategoryHitsInDataSet(ADJ)","CategoryHitsInDataSet(ADJ)","CategoryHitsInDataSet(ADJ)","CategoryHitsInDataSet(ADJ)","CategoryHitsInDataSet(ADJ)","CategoryHitsInDataSet(ADJ)","CategoryHitsInDataSet(ADJ)","CategoryHitsInDataSet(ADJ)","CategoryHitsInDataSet(ADJ)","CategoryHitsInDataSet(ADJ)","CategoryHitsInDataSet(ADJ)","CategoryHitsInDataSet(ADJ)","CategoryHitsInDataSet(ADJ)","CategoryHitsInDataSet(ADJ)","CategoryHitsInDataSet(ADJ)"
"Astrocytes","1079","1079","1079","1079","1079","1079","1079","1079","1079","1079","1079","1079","1079","1079","1079","1079","1079","1079","1079","1079","1079","1079","1079","1079","1079","1079","1079","1079","1079","1079","1079","1079","1079","1079","1079","1079","1079","1079","1079","1079","1079","1079","1079","1079","1079","1079","1079","1079","1079","1079","1079","1079","1079"
"Microglia","1076","1076","1076","1076","1076","1076","1076","1076","1076","1076","1076","1076","1076","1076","1076","1076","1076","1076","1076","1076","1076","1076","1076","1076","1076","1076","1076","1076","1076","1076","1076","1076","1076","1076","1076","1076","1076","1076","1076","1076","1076","1076","1076","1076","1076","1076","1076","1076","1076","1076","1076","1076","1076"
"Neuron","1388","1388","1388","1388","1388","1388","1388","1388","1388","1388","1388","1388","1388","1388","1388","1388","1388","1388","1388","1388","1388","1388","1388","1388","1388","1388","1388","1388","1388","1388","1388","1388","1388","1388","1388","1388","1388","1388","1388","1388","1388","1388","1388","1388","1388","1388","1388","1388","1388","1388","1388","1388","1388"
"Oligodendrocytes","898","898","898","898","898","898","898","898","898","898","898","898","898","898","898","898","898","898","898","898","898","898","898","898","898","898","898","898","898","898","898","898","898","898","898","898","898","898","898","898","898","898","898","898","898","898","898","898","898","898","898","898","898"
"Endothelia","873","873","873","873","873","873","873","873","873","873","873","873","873","873","873","873","873","873","873","873","873","873","873","873","873","873","873","873","873","873","873","873","873","873","873","873","873","873","873","873","873","873","873","873","873","873","873","873","873","873","873","873","873"
"","CategoryHitsInDataSet(Unadj)","CategoryHitsInDataSet(Unadj)","CategoryHitsInDataSet(Unadj)","CategoryHitsInDataSet(Unadj)","CategoryHitsInDataSet(Unadj)","CategoryHitsInDataSet(Unadj)","CategoryHitsInDataSet(Unadj)","CategoryHitsInDataSet(Unadj)","CategoryHitsInDataSet(Unadj)","CategoryHitsInDataSet(Unadj)","CategoryHitsInDataSet(Unadj)","CategoryHitsInDataSet(Unadj)","CategoryHitsInDataSet(Unadj)","CategoryHitsInDataSet(Unadj)","CategoryHitsInDataSet(Unadj)","CategoryHitsInDataSet(Unadj)","CategoryHitsInDataSet(Unadj)","CategoryHitsInDataSet(Unadj)","CategoryHitsInDataSet(Unadj)","CategoryHitsInDataSet(Unadj)","CategoryHitsInDataSet(Unadj)","CategoryHitsInDataSet(Unadj)","CategoryHitsInDataSet(Unadj)","CategoryHitsInDataSet(Unadj)","CategoryHitsInDataSet(Unadj)","CategoryHitsInDataSet(Unadj)","CategoryHitsInDataSet(Unadj)","CategoryHitsInDataSet(Unadj)","CategoryHitsInDataSet(Unadj)","CategoryHitsInDataSet(Unadj)","CategoryHitsInDataSet(Unadj)","CategoryHitsInDataSet(Unadj)","CategoryHitsInDataSet(Unadj)","CategoryHitsInDataSet(Unadj)","CategoryHitsInDataSet(Unadj)","CategoryHitsInDataSet(Unadj)","CategoryHitsInDataSet(Unadj)","CategoryHitsInDataSet(Unadj)","CategoryHitsInDataSet(Unadj)","CategoryHitsInDataSet(Unadj)","CategoryHitsInDataSet(Unadj)","CategoryHitsInDataSet(Unadj)","CategoryHitsInDataSet(Unadj)","CategoryHitsInDataSet(Unadj)","CategoryHitsInDataSet(Unadj)","CategoryHitsInDataSet(Unadj)","CategoryHitsInDataSet(Unadj)","CategoryHitsInDataSet(Unadj)","CategoryHitsInDataSet(Unadj)","CategoryHitsInDataSet(Unadj)","CategoryHitsInDataSet(Unadj)","CategoryHitsInDataSet(Unadj)","CategoryHitsInDataSet(Unadj)"
"","1079","1079","1079","1079","1079","1079","1079","1079","1079","1079","1079","1079","1079","1079","1079","1079","1079","1079","1079","1079","1079","1079","1079","1079","1079","1079","1079","1079","1079","1079","1079","1079","1079","1079","1079","1079","1079","1079","1079","1079","1079","1079","1079","1079","1079","1079","1079","1079","1079","1079","1079","1079","1079"
"","1076","1076","1076","1076","1076","1076","1076","1076","1076","1076","1076","1076","1076","1076","1076","1076","1076","1076","1076","1076","1076","1076","1076","1076","1076","1076","1076","1076","1076","1076","1076","1076","1076","1076","1076","1076","1076","1076","1076","1076","1076","1076","1076","1076","1076","1076","1076","1076","1076","1076","1076","1076","1076"
"","1388","1388","1388","1388","1388","1388","1388","1388","1388","1388","1388","1388","1388","1388","1388","1388","1388","1388","1388","1388","1388","1388","1388","1388","1388","1388","1388","1388","1388","1388","1388","1388","1388","1388","1388","1388","1388","1388","1388","1388","1388","1388","1388","1388","1388","1388","1388","1388","1388","1388","1388","1388","1388"
"","898","898","898","898","898","898","898","898","898","898","898","898","898","898","898","898","898","898","898","898","898","898","898","898","898","898","898","898","898","898","898","898","898","898","898","898","898","898","898","898","898","898","898","898","898","898","898","898","898","898","898","898","898"
"","873","873","873","873","873","873","873","873","873","873","873","873","873","873","873","873","873","873","873","873","873","873","873","873","873","873","873","873","873","873","873","873","873","873","873","873","873","873","873","873","873","873","873","873","873","873","873","873","873","873","873","873","873"
"","OverlappedGeneLists","OverlappedGeneLists","OverlappedGeneLists","OverlappedGeneLists","OverlappedGeneLists","OverlappedGeneLists","OverlappedGeneLists","OverlappedGeneLists","OverlappedGeneLists","OverlappedGeneLists","OverlappedGeneLists","OverlappedGeneLists","OverlappedGeneLists","OverlappedGeneLists","OverlappedGeneLists","OverlappedGeneLists","OverlappedGeneLists","OverlappedGeneLists","OverlappedGeneLists","OverlappedGeneLists","OverlappedGeneLists","OverlappedGeneLists","OverlappedGeneLists","OverlappedGeneLists","OverlappedGeneLists","OverlappedGeneLists","OverlappedGeneLists","OverlappedGeneLists","OverlappedGeneLists","OverlappedGeneLists","OverlappedGeneLists","OverlappedGeneLists","OverlappedGeneLists","OverlappedGeneLists","OverlappedGeneLists","OverlappedGeneLists","OverlappedGeneLists","OverlappedGeneLists","OverlappedGeneLists","OverlappedGeneLists","OverlappedGeneLists","OverlappedGeneLists","OverlappedGeneLists","OverlappedGeneLists","OverlappedGeneLists","OverlappedGeneLists","OverlappedGeneLists","OverlappedGeneLists","OverlappedGeneLists","OverlappedGeneLists","OverlappedGeneLists","OverlappedGeneLists","OverlappedGeneLists"
"Astrocytes","Thbs1;Ndp;Ctbp2;Adgrg1;Cul7;Zfp36l2;Mcc;Kcnn2","Syt11;Kcnc4;S1pr1;St6galnac5;Alpl;Oat;Myh15;Lix1;Scd3","Slc2a10;Gpc4;Immt;Wnt7a;Slc20a2;Fgfr1;Glud1;Scg3;Elovl5;Cdc42ep4;Mpp5;Gldc","Tgfb2;Nrarp;Olfml1;Fgfr2;Myo6;Fam117a;Arrdc3;Erbin;Npas3;Tjp2","Efhd1;Pax6;Car2;Slc6a9;Ctnnbip1;Six5;Cpm;Pls1;Aspa;Tst;Cdc42ep1;Ccdc80;Il33;Papss2","Csrp1;Ass1;Phgdh;Evc;Lgi4;Myh14;Crtc3;Crym;Ddo;Limd1;Acot1;Tekt5","Gpr37l1;Slc25a18;Scara3;Hepacam;Acad11;Hyal1;Pld2;Acsf2;Wipi1;Pfkm;Slc15a2;Plcb3","Glb1l;Ugt1a6a;Entpd2;Mtmr11;Hadh;Tmem176b;Retsat;Bag3;Itih3;Pdlim4;Aspg;Naprt","Cybrd1;Cd44;Cnn3;Flnc;Palld;Dhrs1;Parp3;Gfap;C4b;Slc14a1","Sardh;Lrrc8a;Phka1;F3;Klf15;Suclg2;Htra1;Usp54;Gjb6;Fzd2;Prkd1;Pkp2;Lpp;Sall3","Acadl;Plcd4;Prdx6;Slc25a34;Mmd2;Pon2;Gstk1;Aldh1l1;Zfand4;Hif3a;Kirrel2;Cpe;Mt2;Abhd4;Clu;Chst2;Pla2g3;Acadvl;Aldoc;Eci2;Ppp1r3g;Oplah;Rapgef3;Nde1;Ezr;Cbs;Daam2","Intu;Bcan;Cpt2;Aldh4a1;Per3;Agfg2;Tsc22d4;Pdk4;Tulp3;Nphs1;Gys1;Ucp3;Naa16;Nxpe4;Plod2;Als2cl;Ccdc157;Rhbdf1;Kif1c;Grin2c;Carmil1;Id4;Sfxn1;Csdc2;Ttll8;Dbx2;Senp1;Aifm3;Prodh;Cbr3;Cyp4f15;Cyp4f14","Pard3b;Hadha;Cd38;Gpr156","Aox1;Zfp185;Col4a5;Vegfd;Id3;Pdpn;A2m;Gm5424;Phkb;Yap1;Prss35;Plscr1;Sema3b;Cmbl","Garem2;Mpp6;Gpr19;Gpt2;Abhd3;Ppp1r3c","Gulp1;Soat1;Magt1;Fgf2;Vcam1;Pde3a;Tmc7;Rfx4;Slc7a2;Ppp2r3a;Gas1;Ston2;Megf10;Glis3","Paqr8;Stk17b;Kcnj10;Slc39a12;Nacc2;Tank;Itga6;Pygb;Lonrf3;Gk;Chrdl1;Arhgef26;Vav3;Agl;Abcd3;Bmpr1b;Pdlim5;Cth;Car8;Ttpa;Raver2;Plpp3;Sorcs2;Limch1;Slc4a4;Sparcl1;Ficd;Ptprz1;Tril;Adcyap1r1;Slc6a11;Axl;Acadsb;Dhx32;Dock1;Sash1;Nhsl1;Lama2;Hey2;Nr2e1;Gja1;Chpt1;Fgd6;Agpat5;Mfap3l;Ncan;Bmpr1a;Ednrb;Igdcc4;Egfr;Slc1a4;Elovl2;Hapln1;Mthfd1;Dio2;Slc1a3;Nadk2;Myo10;Jam2;Rhoq;Aqp4;Aldh7a1;Fads2;Scd2;Add3;Gpam","Igfbp5;Gli2;Atp1a2;Notch1;Clcc1;Smo;Fkbp9;Tsku;Galnt4;Suox;Zcchc24;Mmp14;Slc38a3;Plxnb1;Erbb2;Caskin2;Kctd5;Psd2;Fgf1;Pdgfrb;Cpt1a","Slc41a1;Glul;Itpkb;Itprid2;Etfdh;Frmpd1;Acot11;Crot;Fgfr3;Gabrg1;Aff1;Ttyh3;Ahcyl2;Lrig1;Slc6a1;Lrtm2;Rgma;Vcl;Slc39a14;Acsbg1;Srebf1;Atp1b2;Acox1;Mboat2;Aldh6a1;Hacd2;Notch3;Pcx","Enkur;Ampd2;Zfp964;Klhdc8b;Zbtb25;Arhgap26","Adcy8","Bdnf;Insig1;Pdzrn3;Phyhipl;Gpm6a;Cap2;Sybu","Wdr78;Spry2;Trmt12;Nr4a1","Ptp4a1;Vegfa;B4gat1","Pyroxd1;Rmnd1;Lyrm4","Fdft1","Fjx1;Rcn2","","Nat8f3;Fabp7;Gadd45g;P2rx6","Itm2c;Cwc22;Ptpmt1;Pacsin3;Pxmp4;Romo1;Tspan7;Upf3b;Pdzd11;Gdpd2;Kcne1l;Car5b;Fabp5;Lenep;Riiad1;Ccn1;Smim8;Nudt2;Dnaic1;Scp2;Uqcrh;Snhg3;Mterf1a;Abhd1;Sdsl;Acad12;Psph;Micall2;Parp12;Bola3;Fxyd1;Slc7a10;Nudt19;Mcee;P4ha3;Iqck;Ptdss2;Pbld2;Rdh5;Mt3;Ccdc113;Nudt7;Gcsh;Hacl1;Oxnad1;Oxa1l;Cideb;Ephx2;Clybl;Tmed1;Il18;Etfa;Amigo3;9530068E07Rik;Cox10;Mks1;Sox9;Tbce;Fars2;Polr3g;Tmem161b;Thbs4;Zfp839;Ankrd9;Rida;Pmm1;Smdt1;Hmgn1;Mpc1;Paqr4;Mcrip2;Rsph9;Tm7sf2;Fgfbp3","Adhfe1;Lipt1;Sag;Dbi;Pm20d1;Dhtkd1;Il15ra;Pdss1;Pomt1;Ddb2;Chst1;Ivd;Exd1;Catsper2;Zfp661;Slc20a1;Cst3;Acss1;Snta1;Ppp4r1l-ps;Fhl1;Mtm1;Xkrx;Foxr2;Paqr6;Pbxip1;Gstm5;Gstm1;Kyat3;Cntfr;Spag8;Klf4;Dnajc25;Jun;Cyp2j9;Echdc2;P3h1;Capzb;Fbxo2;Nadk;Cdk11b;Evc2;Pxmp2;Phkg1;Rasl11a;Aass;Nat8f1;Cfap100;Hdhd5;Mgst1;Ttyh1;Tmem86b;Apoe;Bckdha;Ech1;Capns1;Vmn2r57;AW146154;Pgghg;Mical1;Smpd2;Ddt;Gstt1;Tmem259;Appl2;Rmst;Gli1;Slc27a1;Gcdh;Elmo3;Nqo1;Agt;Ddhd1;Ndrg2;Dhrs4;Cldn10;Cwf19l2;Fam76b;Foxred1;Ttc12;Rbpms2;Aqp9;Hmgn3;Zmynd10;Amt;Slc26a6;Ctdspl;Rnf215;Tbc1d10a;Upp1;Slc22a4;Inca1;Tlcd1;Rab34;Proca1;Wsb1;Fam20a;Btbd17;Ntsr2;Greb1;Hspa2;Srsf5;Rbm25;Gstz1;Nrbp2;Gpt;Serhl;Npff;Atp13a4;Zfp160;Ggnbp1;Cyp4f17;Cyp4f16;Ltbp1;Acaa2;Timm21;Sfxn2","Them4;Leng9;Higd1a","Cox6b1;Coprs;Acyp2","Pex2;Hacd3;Sar1b;Fam181a;Znrd1as","Itih5;Olfml2a;Slc13a3;Notch2;Synpo2;Macf1;Timp3;Zfc3h1;Il17rd;Aldh1a2;Celsr1;Cyp1b1","Fam135a;Adgrb3;Arhgef4;Npas2;Mars2;Pikfyve;Map2;Zfp142;Irs1;Ube2f;Nckap5;Atp2b4;Zbtb41;Cep350;Zbtb37;Prrc2c;Pou2f1;Ddr2;Fmn2;Rgs7;Slc30a10;Nebl;Sptan1;Gpd2;Acvr1c;Ttc21b;Fam171b;Lrp4;Ckap5;Slc1a2;Lgr4;Rasgrp1;Mga;Sema6d;Ptpra;Rnf24;Acss2;Zhx3;Chd6;Elmo2;Prex1;Ppp1r3d;Slitrk2;Dmd;Taf1;Pou3f4;Amot;Fam120c;Gpm6b;Jade1;Pcdh10;Slc7a11;Dclk1;Plch1;Gucy1a1;Dclk2;Kcnn3;Slc6a17;Ahcyl1;Bcar3;Ank2;Pou3f2;Gpr63;Fut9;Casp8ap2;Gabbr2;Nr4a3;Hsdl2;Zdhhc21;Dennd4c;Jak1;Ak4;Ptprf;Gpr3;Eif4g3;Lrrc38;Vps13d;Kif1b;Prdm16;AW011738;Grm3;Hgf;Kmt2c;Ccdc96;Arap2;Wdr19;Gabra4;Gabrb1;Adamts3;Fras1;Fzd10;Zfp11;Wasf3;Herc6;Dctn1;Alms1;Bhlhe40;Ift122;Dpy19l3;Zfp507;Chsy1;Synm;Chd2;Klhl25;Arnt2;Grm5;Rab30;Fam168a;Parva;Ccp110;Dhcr7;Syne1;Lats1;L3mbtl3;Echdc1;Fam184a;Fam13c;Agpat3;Vezt;Plxnc1;Eea1;Ppp1r12a;Arhgef18;Irs2;Kbtbd11;Fat1;Tenm3;Csgalnact1;Nr3c2;Gnao1;Nup93;Pdp2;Cmtr2;Camk2g;Amer2;Tnfrsf19;Rb1;Gpc6;Dync2h1;Arhgap42;Eepd1;Arhgap32;Sorl1;Arhgef12;Peak1;Lingo1;Sh3bgrl2;Rasgrf1;Rasa2;Mras;Dag1;Map4;Stt3b;Myrip;Trak1;Znrf3;Etaa1;Lgalsl;Ehbp1;Sh3pxd2b;Wwc1;Acsl6;Tom1l2;Hs3st3a1;Mink1;Abr;Flot2;Spag9;Ankrd40;Nr1d1;Taco1;Pitpnc1;Axin2;Idi1;Gli3;Aldh5a1;Fbxl21;Ptch1;Zfp759;Adcy2;Ttc37;Edil3;Zfyve16;Mtx3;Hmgcr;Mast4;Mier3;Il6st;Wdr35;Trib2;Kidins220;Dgkb;Nrcam;Arhgap5;L2hgdh;Trim9;Arid4a;Lrrc9;Ttc9;Dpf3;Trip11;Traf3;Ranbp3l;Ctnnd2;Baalc;Trps1;Sqle;Ppara;Gramd4;Abcd2;Lrrk2;Atf7;Cbx5;Abat;Emp2;Clec16a;Fgd4;Kalrn;Boc;Itsn1;Morc3;Zfp97;Zfp945;Zfp799;Zfp870;Gabbr1;Nudt12;Tmem200c;Dlgap1;Lclat1;Atl2;Nrxn1;Cdh2;Garem1;Dtna;Pcdhgb6;Pcdhgc5;Ppp2r2b;Sncaip;Zfp532;Spire1;Mapk4;Lipg;Rtn3;Dagla;Trpm3;Ptar1;Hectd2;Btaf1;Sorbs1;Rbm20","Med12;Rfx5;Alpk1;Grk3;Leng8;Itga7","Ankrd16;Zfp280c;Mfge8;Fam193b;Thoc1","Ttll4;Cfap65;Agrn;Bms1;Spag1;C4a","Sned1;Mamdc4;Trpm7;Thoc2;Clk2;Prpf38b;Srsf11;Arntl2;Ccdc84;Nphp3;Zfp58;Srek1;Adamts6;Prpf39;Impg2","Cspp1;Nvl;Ttc14;Tet2;Zfp112;Zc3h13;Sec14l2;Lrch3;Malat1;Tctn3","Ino80d;Mdm4;Ap4e1;Odf2l;Pnisr;Pkd2;Evi5;Iqub;Abcc8;Ppfia1;Atr;P4ha2;Prpf4b;Atad2b;Prkdc;Son;Smc5","Mdn1;Ccnd2;Ntrk3;Slc25a42;Nwd1;Dlg5;Vwa8;Vps13c;Dzip1l;2610507B11Rik;Asxl2;Ccdc88c;Golgb1","Gabpb2;Bcl2l12;Inpp5j;Adora2b;Plec;Spaca6;Srrm2;Caskin1","Zranb3;Fndc5;Actr3b","Pdyn;Dmp1;Meis1;Aldh1a1","Rgs20;Cecr2;Pln;Lca5;Ak7","Tsga10;Mmab;Lrrc23;Tmem218;Phf21b;Ppp1r1a;Cfap44;Rsph1","Stk36;Egf;Tex9;Zfp40","Mterf4;Bcl2;Srsf10;Zfp933;Rbm26;Ppwd1;Ephb3","Ddit4l;Rasl11b;Ptn;Nr2f1","Ngef;Pamr1;Egfl6;Abcb9;Arntl;Gsg1l;Coro2b;Tpbg;Cmya5;Acot5;Pde1b;Rorb","Drp2;Stk38l;Myo19;Lifr;Cblb;Pde9a"
"Microglia","Qsox1;St6galnac4;Sash3;Cbln1;Metrnl;Cd83;Itpr3","Arl4c;Btg2;Capza1;Bid;Bhlhe41;Slc16a3;Gpr137b;Efr3a;Nfkbie","Mapkapk2;Pla2g4a;Plxdc2;Coro2a;Stat6;Cln8;Plekho2;Ccr5;Parp14;Ap5b1;Rps6ka4","Pip4k2a;Plcb2;Gpr34;P2ry13;Bmp2k;Trim30d;Erap1;Lipa","Tmem63a;Agpat2;Gatm;Tpd52;P2rx7;Bco2;Uba7;Arl5c;Arsg;Dglucy;Litaf;Rftn1;Rab3il1;As3mt","Scly;Efhd2;Rhog;Cdh23;Mapkapk3;Syk;Fgd2;H2-K2;Foxp4;Rela","Arpc5;Rnasel;Rbm38;Txnip;Manba;Nfkb1;Plekhm2;Naaa;Zc3hav1;Il16;Arap1;Slc16a10;Sgpl1;Gna15;Pgpep1;Tradd;Galns;Rufy1;Pik3cg;Pygl;Rac2;Fmnl3;Myom1;Tcirg1","Glb1l;Fcgr3;Fcer1g;Vav2;Capn3;Ctsa;Ctsz;Was;Renbp;Btk;Ctss;Plin2;Csf3r;Laptm5;C1qb;C1qc;C1qa;Sh3bp2;Sh3tc1;Acads;Ncf1;Lat2;Arpc1b;Lair1;Tyrobp;Cd37;P2ry6;Ifi30;Dnase2a;Cmtm3;Cotl1;Irf8;Cyba;Gpr183;Tcn2;Stk10;Havcr2;Pdlim4;Ccl6;Abi3;Grn;Nmt1;Socs3;Hfe;Pld4;Fyb;Gsdmd;Csf2rb;Itgb5;Tapbp;Clic1;Trem2;Cd14;Ehd1","Slc11a1;Ptprc;Fcgr2b;Apbb1ip;Tor4a;Abcd1;Msn;Tlr2;Slc39a1;Tent5c;Olfml3;Csf1;Cd52;Tmco4;Hvcn1;Gusb;Tbxas1;Clec5a;Hk2;C3ar1;Ptpn6;Tnfrsf1a;Lrmp;Tgfb1;Siglech;Ctsc;Nupr1;Ctsd;Pald1;Itgb2;Lyz2;Hmox1;Man2b1;Adcy7;Tep1;Lcp1;Lacc1;Ctsh;Parp3;Nradd;Plek;Dock2;Cd68;Cxcl16;Trim47;Lgals3bp;Ly86;Hexb;Naip6;Cd180;Serpina3n;Myc;Lgals1;Apobec3;Naga;Nckap1l;Hcls1;Rnaset2b;Myo1f;H2-K1;Tap1;Psmb8;Hspa1b;Adgre1;Fermt3;Slc15a3;Lpxn;Blnk","Cd84;Shc1;Tnfrsf1b;Tmem119;Lfng;Cebpa;Furin;Ndst2;Prkcd;Ikzf1;Pik3r5;Myo1c;Golm1;Tbc1d22a;Nrros;Fkbp5;Ticam1;Eml3","Sdc4;Atp13a2;Irf5;Idh2;Ucp2;Eef2k;Sult1a1;Armc5","Creg1;Mmp9;Nfatc2;Slco4a1;Adam15;Hyi;Themis2;Pik3cd;Pxn;Asl;Sh2b2;Plod3;Vasp;Tpp1;Pde3b;Rab32;Sbno2;Mknk2;Colgalt1;Jak3;Wwp2;Plcg2;Dnm2;Oaf;Scamp2;Nbeal2;Flcn;Lgals9;Trim65;Ninj1;Zfp385a;Nfkbiz;Gpsm3;Slc29a1;Vav1","Col6a3;Rcsd1;Bmf;Tgm2;B4galt1;Cdk6;Il4ra;Ifngr1;Icam1;Tbc1d2b;Adap2;Xdh;Arap3","Nek6;Elf4;Fcrls;Gba;H6pd;Mxra8;Spp1;Anxa4;Cd163;Fcgrt;Emp3;Lyve1;Serpinf1;Unc13d;Sgsh;F13a1;Tgfbi;Cpq;H2-DMb1;Dtx4;Nfkb2","Bcl2l1;Lyn;Stk40;Slc15a4;Eva1a;Itpkc;Sap30;Junb;Kdm6b;Map3k14;Dusp5","Lamp2;Tgfbr1;Pon3;Edem1;Gab2;Inpp4b;Kctd12;Cln5;Nlrp3;Sla;Enpp4;Entpd1","Ankrd44;Tbc1d13;Itga6;Plagl2;Serinc3;Etv3;Abca1;Por;Mob1a;Rab11fip5;Cyfip1;Zfp710;Itgam;Cd164;Cry1;Apaf1;Zfp703;Tlr3;Sall1;Vwa5a;Rab8b;Cmtm6;Jade2;Tmem104;Mylip;Arsb;Cerk;Psmb9;Dock8","Stat1;Sp110;Inpp5d;Ptgs1;Chst7;Tlr13;Fnip2;Tln1;Akna;Ppt1;Tlr12;Wasf2;Plod1;Man2b2;Orai1;Rassf4;Arhgdib;Kcnk6;Cd33;Slco2b1;Trim21;Apobr;Slc29a3;Gns;Cyp4v3;Wdfy4;Spata13;Ccr1;Naglu;Rnf213;Slc12a7;Parvg;Plxnb2;Irak4;Mpeg1;Gcnt1;Pik3ap1","Mlph;Glul;Sft2d2;Arhgap30;Rxra;Srxn1;Tlr7;Il6ra;Acox3;Cmklr1;Irak2;Pdxk;Wdr81;Heatr5a;Rin3;Myh9;Runx1;Csf1r;Lrp5","Tmem86a;Slc7a8;Klhdc8b","Nfya","Tuba4a;Otud1;Rraga;Rnf19b;Acsl5","Cox6a2","Lrrc75a;Arf2","Rgs14","Cds1","Rpl10;Gla;Nrbf2;Casp1;Bloc1s5;Id2;Chmp1b","Cd99l2;Ccdc97;Pes1;Lgmn;Mfsd5;Cyb561a3","Akr1b3","Pecr;Cyb5r1;F11r;Card9;Alkbh3;Dnttip1;Rnf114;Cebpb;Lsm10;Dhrs3;Khk;Snx17;Srd5a3;Pus1;Iscu;Erp29;P2rx4;Rilpl2;Mlxipl;Tmem120a;Rasa4;Chst12;Actb;Bri3;Atp6v1f;Lsm5;Hpgds;Htra2;Nagk;Camk1;Apobec1;Lag3;Hebp1;Isoc2b;Pou2f2;Blvrb;Nfkbib;Rinl;Hpn;Pepd;Htatip2;Cln3;Coro1a;Tmem219;Pycard;Rgs10;Ascc1;Sumo3;Cstb;Gadd45b;Btg1;Zc3h10;Cd63;Gas6;Eif4ebp1;Jund;D8Ertd738e;Lyl1;Snx20;Tk2;Pla2g15;Cdt1;Ntpcr;Comtd1;Arhgap22;Osgep;Psme2;Cryl1;Pts;Mpi;Tmem202;Hexa;Rplp1;Twf2;Myd88;Pus10;Vrk2;Prorsd1;Nhp2;Shmt1;Tnfrsf13b;Mmgt2;Plscr3;Ctdnep1;Phf23;Med11;Pfn1;Slc46a1;Scpep1;Plxdc1;Rpl19;Stard3;Dhx58;Ifi35;Limd2;Nat9;Arhgdia;Myadml2;Dtnbp1;Hk3;Npc2;Asb2;Evl;Crip1;Otulin;Rpl30;Commd5;Rpl3;Comt;Cd86;Sft2d1;Amdhd2;Nme4;Hmga1;B3galt4;Rxrb;Aif1;H2-T23;Cnpy3;Oard1;Galm;Bin1;Cndp2;Aldh3b1;Slc25a45;Ccdc86;Fbxw4","Ptpn18;Il1rl2;Sag;Rnpep;Tor3a;Aim2;Pnpla7;Dpp7;Uap1l1;Phyhd1;Spi1;Accs;B2m;Sord;Cst3;Fam110a;Snta1;Edem2;Srsf6;Slc35c2;Ccdc22;Tfe3;Arhgap4;Fam3a;Sat1;Tnfaip8l2;Tifa;Galnt12;Mknk1;Zfp691;Gpatch3;Pigv;Rps6ka1;Fuca1;Necap2;Mthfr;Zfp513;Tnip2;Idua;Crybb1;Tpst2;Srrd;Selplg;Srsf9;Sh2b3;Lrwd1;Snx8;Ap5z1;N4bp2l1;Akr1b10;Zyx;Vamp8;Dok1;Aup1;Epn1;Dhx34;Shkbp1;Zfp36;Gmfg;Nfkbid;Aldh16a1;Ftl1;Dhdh;Ppp1r15a;Bcat2;Cib1;Fes;Usp35;Il21r;Rabep2;Mvp;Adam8;Paox;Rnh1;Lsp1;Tnfrsf23;Sgk1;Ube2g2;Icosl;Arhgap45;Matk;B4galnt1;Stxbp2;Gmip;Map1s;Lpcat2;Ccl17;Rrad;Fhod1;Zfhx3;Rnase4;Ap1g2;Fam76b;Gm38431;Slc44a2;Ppcdc;Aagab;Mthfsl;Abhd14b;Gpx1;Trex1;Tbc1d10a;Mgat1;Irf1;Top3a;Map2k3;Arrb2;Eno3;Ctns;Gngt2;Smarcd2;Cd300c2;Mfsd11;Syngr2;Engase;Slc25a10;Dcxr;Cybc1;Lgals8;Tifab;Adamts16;Hs1bp3;Rhob;Adssl1;Cyth4;Sh3bp1;Mettl7a1;Bin2;Fignl2;Rogdi;Nagpa;Trmt2a;Tagap;Rnaset2a;Rasal3;Tap2;Ppt2;Neu1;Ier3;H2-T22;Dennd1c;Tgif1;Ttc7;Adrb2;Unc93b1;Rad9a;Clcf1;Ctsf;Sipa1;Ehbp1l1;Ccdc88b;Tmem179b;Pyroxd2;Ldb1;Sfxn2","Clta;Pnpo;Gmpr;Fez2","Blvra;Zbtb8os;Ldhb;Psmb10;Wdr55","Atp5c1;Hprt;Plekho1;Arpc4","Lactb2;Cfh;Mrc1;Ptgds;Arhgef6;Car13;Nhlrc3;Lrrk1;Stab1;Nt5e;9930111J21Rik2;Abca9;C2","Tgfbrap1;Gls;Dgkd;Ccdc93;Rassf5;Srgap2;Nek7;Ier5;Pfkfb3;Fam78a;Ptprj;Vps18;Spg11;Sirpa;Arfgef2;Znfx1;B4galt5;Clcn5;Kcnd1;Bcor;Rp2;Rap2c;Ids;Gpr165;Diaph2;Prps2;P2ry12;Kcnab1;Tpm3;Zfp697;Slc35a3;Gbp7;Asph;Ptbp3;Ttc39b;Cap1;Man1c1;Ski;Mlec;Rab35;Vps37b;Ubc;Lrch4;Daglb;Mogs;Arhgap25;Tatdn2;Pld3;Nup62;Gdpgp1;Arrb1;Pik3c2a;Esr1;Stxbp5;Tnfaip3;Vps26a;Lrrc3;Txnrd1;Nuak1;Dyrk2;Hgsnat;Prag1;Spcs3;Zswim4;Slc38a7;St3gal2;Zfpm1;Slmap;Rab3d;Arid3b;Smad3;Dnajc13;Ap1b1;Rel;Slc36a1;G3bp1;Smcr8;Akap10;Mnt;Slc43a2;Lasp1;Stat5b;Itgb3;Grb2;Sphk1;Rptor;Slc38a10;Epdr1;Hrh2;Mef2c;Ap3b1;Mgat2;Arid4a;Syngr1;Pacsin2;Snx29;Osbpl11;Usp25;Ifngr2;Morc3;Uhrf1bp1;Plcl2;Kcnk12;Dmxl1;Snx2;Ldlrad4;Cbln2;Gda;Stambpl1;Btaf1;Pprc1;Calhm2;Neurl1a;Sh3pxd2a;Ccdc186;Cacul1","Phka2;Dennd4b;Hps4;Arhgap17;Trpm2;Mroh1;Nckap5l","Stk11ip;Mov10;Galt;Fbrs;Stat2;Pkn1;Dok3;Slc11a2","Cep250;Ophn1;Anks6;Mob3c;Dvl2","Lrrfip1;Cfp;Col27a1;Gramd1a;Arglu1;Ptger1;Rnf166;Vipr1;P3h2;Pggt1b","Ints6l;Rilpl1","Lrch1;Mtr","Dnajc1;Ptpn1;Shb;Arid3a;Wdfy2;Vps13c;Zfyve26;Arhgap39","Serpinb8;Npl;Ganc;Ppp6r1;Mllt6;Rcan1","","Mafb;Ptk2b;Il10ra;Sun2","","Dgkz;Adam33;Slc30a3;Tspan33;Il17ra;Tcap;Elmo1;Numb;Tagap1","Slc2a8;Trpm4;Armc7;Adgrb1","Egr2","Sh3kbp1;Smap2;Siae;Hspb3","Cbln4;Pmepa1;Gabrd;Hpse;Myo18b;Orai3;Rasd2;Maf;Ubash3b;Slc16a6;Snn;Cd6","Mbnl1;Slc9a9;Fmnl1;Jdp2;Mapk14"
"Neuron","Gprasp2;Ndst3;Atg9b;Cit;Susd2;Prr36;Cbln1;Pde4a","Klhdc8a;Ntsr1;Ppp1r3f;Htr2c;Npnt;Tmem150c;Zfp536;Gabra5;Plekha7;Pkib;Lrig3;Glra3;Gpr83;AW551984;Pomgnt2;Tubb2b;Mtss1;Rbm4b;Pcsk5","Vwc2l;Cntn2;Pde1a;Igsf3;Zfp37;Chd5;Hrk;Grm8;Cyp2s1;Adgra1;Nfix;Terf2ip;Cntnap4;Pcdh17;Wdr6;Slfn9;Zfpm2;Dgkg;Dpysl3;Isoc1;Rcor2;Prune2;Kif11","St18;Thsd7b;Prox1;Tpx2;Rrm2","Pax6;Nxph3","Nppc;Ass1;Cgn;Trpv6;Ano5;Calb2;Cpne7;Klhl33;Cabp7;Ly6h;Slc6a7","Rbm38;Rxfp1;Mex3a;Aloxe3;Cbx7","Ncs1;Col6a2","Tgfb1;Col23a1","Nt5dc2;Col6a4","Wipf3","Gpsm1;Pip5kl1;Myt1;Vmn2r1;Slc27a3;Chd7;Sbsn;Rspo3;Samd14;Cbx2;Panx2","Baiap3;Ablim3","Gpc1;Nnat;Crabp2;Islr;Zic4;Ccn3;Deptor;AU022754;Zbtb12","","Patz1;Top2a;Angpt1;Ammecr1l","Vash2;Kdm4a;Rcan3;Met;Eif2ak3;Ccdc6;Trim67;Vezf1;Cbx4;Ccdc85c;Pcdha2","Ecel1;Mki67;Kiss1r;Cdhr1;Itgbl1;Slc7a4;Lrrn4cl","Kif4;Gpr173;Ulk1;Castor2;Numbl;Islr2;Ksr1;Unc5a;Dapk1;Brd2;Fchsd1;Slit1","Zcchc18;Glra2;Hcn3;Kcnip4;Prkcg;Doc2a;Ramp3;Zdhhc22;Rspo2;Gap43;Adcyap1;Syt7","Ica1l;Kcng1;Serpini1;Rusc1;Necab1;Elavl4;Snx10;Neurod6;Cxcl12;Cacng3;Wif1;Tubb2a;Adcy8;Nrep","Zfp385b;Gjd2;Hmgb3;Caap1;Fam185a;Vopp1;Mad2l1;Tusc3;BC030500;Ube2ql1;Pnma1;Ube2v2;Cd200;Rgmb;Syngr3;Npas4;Nanos1","Tmem35a;Mllt11;Dnajb6;Zfp575;Dusp14;Jpt1;Nrn1;Utp23;Rtn4r","Tmem198;Sms;Map7d2;Stmn2;Ralyl;Rspo1;Ramac;Tubb3;Cnrip1;Mapt;Crhbp;Vsnl1;Ccdc184","Lpcat4;Syp;Crh;Ccl27a;Npy;Ttc9b;Fxyd7;Rab3a;Fbxl2;Cck;Trappc6b;Cacng2;Sult4a1;Sst;Atp6v1g2","Opn3;Srsf12;Rab3b;Stmn1;Cort;Cds1;Vgf;Syt5;Pnoc;Lyrm7;Vamp2;Mblac2;Basp1;Lrrc24;Baiap2l2;Fam131a","Tex30;Gdpd1","Blcap;Gdi1;Zwint;Diras1;Lonrf1;Terf2;Cdkl1","Chgb;Pgrmc1;Ache;Tmem130;Ndn;Hnrnpa1;Rit2;Tcf4;Shtn1","Mgst3;Igsf8;Ackr1;Rhov;Gfra4;Nrsn2;Gdap1l1;Ccdc120;Pqbp1;Bex1;Adgrg2;Lmna;Lor;Tuft1;Gar1;Mcub;Ssbp3;Ttc39a;Dmrta2;Yrdc;Cd164l2;Smarcd3;Cgref1;Uchl1;Sdsl;Prkrip1;Zscan21;Lig1;Tmem91;Spint2;Snrpn;Asphd1;Cd2bp2;Caly;Chchd10;Pias4;Sirt6;Tac2;Myl6b;Tmem59l;Acta1;Rnaseh2b;Fxyd2;Cib2;Mtfp1;Ahsa2;Fbll1;Unc119;Plcd3;Cyb561;Cygb;Rac3;Sncb;Med10;Pgf;Snhg10;Exosc4;Pdxp;Csnk1e;Ccdc116;Ydjc;Iqcb1;Cmss1;Flywch2;Arhgdig;Slc37a1;Pfdn6;Celf4;Polr2d;Pcdhgc4;Cidea;Kat5;Wdr74;Frat1;Kazald1","Brd3;Gle1;Ypel4;Fnbp4;Ctxn2;Snx21;Mrgbp;Arfrp1;Pnck;Pdzd4;Khdc4;Sema6c;Ankrd35;Amy1;Nfib;Epha10;Trnp1;Wrap73;Tacc3;Bicdl1;Suds3;Diablo;Tfr2;Ezh2;Gipr;Gemin7;Tmem145;Syt3;Fam71e1;Nosip;Cpeb1;Kif22;B4galnt4;Pidd1;Cirbp;Timeless;Sugp1;Sin3b;Rtbdn;Hook2;Zfp423;Brd7;Carmil2;Cpne6;Emc9;Piwil2;Htr3a;Rpp25;Mst1r;Entpd3;Pisd-ps1;Trim17;Ybx2;Atad5;Pcgf2;Neurod2;Hexim2;Pycr1;Sox11;2700097O09Rik;Meg3;Mirg;Rab26;Rhbdl1;Kifc5b;Daxx;Rell2;Fam89b;Pola2;Sema4g","Ckmt1;Stmn3;Utp3;Ufsp1;Dkkl1;Cend1;Pcbp3;Nipsnap1","Ndufa1;Bex2;Sytl1;Abracl;Serp2;Nsrp1;Rps19bp1;Pfdn1;Gng3","Dut;Tomm5;Fabp3;Cdk2ap1;Dnajc9;Bod1;Fkbp3","Fibin;Eya2;Atn1;Scml4;Zic2;Bmp5;Zic1;Gria1;C1qtnf1;Ryr2;Thbs2","Xkr4;Slco5a1;Ncoa2;Kcnb2;Stau2;Gdap1;Kcnq5;Amer3;Aff3;Lonrf2;Nck2;Satb2;Fam117b;Zdbf2;Tmem169;Smarcal1;Scg2;Irs1;Sphkap;Dner;Cdh7;Mgat5;Lemd1;Klhl12;Rabif;Kdm5b;Syt2;B3galt2;Smg7;Rgs8;Ralgps2;Ankrd45;Cadm3;Grem2;Cep170;Zbtb18;Cnst;Mark1;Esrrg;Lpgat1;Kcnh1;Plxna2;Suv39h2;Cacnb2;Gad2;Cacna1b;Grin1;Camsap1;Prrc2b;Dnm1;Stxbp1;Pbx3;Dab2ip;Gpr21;Scai;Epc2;Kif5c;Neb;Cacnb4;Kcnj3;Tbr1;Kcnh7;B3galt1;Gad1;Dlx1as;Atf2;Neurod1;Zfp804a;Rtn4rl2;Madd;Chrm4;Qser1;Kcna4;Fmn1;Pak6;Disp2;Ttbk2;Fastkd5;Prokr2;Pak7;Tasp1;Flrt3;Dzank1;Slc24a3;Insm1;Sstr4;Napb;Mmp24;Slc32a1;Chd6;Rims4;Slc12a5;Adnp;Ss18l1;Eef1a2;Med14;Usp9x;Usp11;Syn1;Tenm1;Slc9a6;Fgf13;Aff2;Ids;Zfp92;L1cam;Mecp2;Dlg3;Nap1l2;Magee1;Pou3f4;Nap1l3;Armcx4;Armcx1;Gprasp1;Armcx5;Rab9b;Il1rapl2;Frmpd3;Prps1;Acsl4;Pak3;Trpc5;Tro;Gnl3l;Phf8;Klf8;Ubqln2;Ptchd1;Cnksr2;Rai2;Frmpd4;Zc2hc1a;Zfp704;Snx16;Fndc3b;Slc7a14;Kcnmb2;Trpc3;4932438A13Rik;Ankrd50;Maml3;Trpc4;Nbea;Tsc22d2;Mme;Map9;Npy2r;Efna3;Adar;Chrnb2;Ankrd34a;Bcl9;Pde4dip;Trim33;Syt6;Slc6a17;Gpr61;Amigo1;Celsr2;Wdr47;Olfm3;Plppr4;Fnbp1l;Ndst4;Col25a1;Cxxc4;Prkacb;Clvs1;Pdp1;Epha7;Cnr1;Zfp292;Lingo2;Pakap;Zkscan16;Sh3gl2;Slc24a2;Elavl2;Dnajc6;Sgip1;Cyp4x1;Foxj3;Rims3;Zbtb8b;Oprd1;Ahdc1;Ephb2;Fam43b;Spen;Clstn1;Camta1;Ajap1;Cep104;Akap9;Rundc3b;Sema3a;Cacna2d1;Reln;Nsd2;Afap1;Crmp1;Lgi2;Kctd8;Kit;Noa1;Cenpc1;Rufy3;Dck;Cdkl2;Zfp644;Ep400;Mn1;Sgsm1;Wscd2;Srrm4;Ksr2;Rnft2;Rhof;Bcl7a;Rimbp2;Vkorc1l1;Caln1;Ywhag;Prkar1b;Gpr12;Mtus2;Casd1;Peg10;Dync1i1;Dlx6os1;Phf14;Thsd7a;St7;Cadps2;Ephb6;Tcaf1;Cntnap2;Mturn;Lancl2;Gprin3;Tet3;Fbxo41;Gxylt2;Cntn3;Grm7;Srgap3;Atp2b2;Zfp422;Kdm5a;Iqsec3;Slc2a3;Clstn3;Prmt8;Cdkn1b;Grin2b;Brsk1;Zfp667;Usp29;Nova2;Atp1a3;Sipa1l3;Prr12;Kcnc1;Nell1;Gabrg3;Chrna7;Sv2b;Ap3b2;Homer2;Hdgfl3;Dlg2;Ankrd42;Tenm4;Map6;Pgm2l1;Trim66;Mical2;Ubfd1;Sbk1;Sez6l2;Stx1b;Zfp668;Inpp5f;Gpr26;Brsk2;Dusp8;Osbpl5;Shank2;Rgs17;Ipcef1;Grm1;Fbxo30;Arfgef3;Tmem200a;Tspyl4;Hs3st5;Foxo3;Sobp;Gnaz;Adarb1;Apc2;Mex3d;Btbd11;Syn3;Nt5dc3;Slc17a8;Atp2b1;Mgat4c;Slc6a15;Ppfia2;Syt1;Kcnc2;Trhde;Tbc1d30;Champ1;Dlgap2;Zmat4;Bag4;Nrg1;Dusp4;Eri1;Micu3;Galntl6;Npy1r;Sugp2;Slc35e1;Smarca5;Adgrl1;Cacna1a;Ndrg4;Cdh8;Ctcf;Smpd3;Has3;Gse1;Ccsap;Cadps;Synpr;Lrrc3b;Rarb;Gng2;Ppp3cb;Erc2;Cacna2d3;Dcp1a;Pbrm1;Mapk8;Nrg3;Slc35f4;Chd8;Zmym2;Pnma2;Rb1;Enox1;Klhl1;Dach1;Klf12;Hs6st3;Alkbh8;Gucy1a2;Pgr;Cntn5;Fat3;Rab3d;Cdon;Gramd1b;Kmt2a;Scn2b;Rnf214;Zbtb16;Tnfaip8l3;Dmxl2;Hmg20a;Hcn4;Celf6;Myo9a;Glce;Zfp609;Hcrtr2;Htr1b;Snap91;Paqr9;Clstn2;Rab6b;Dcaf1;Rbm15b;Bsn;Setd2;Epm2aip1;Dclk3;Tmppe;Eif4enif1;Camk2b;Adcy1;Vwc2;Vstm2a;Ehbp1;Bcl11a;Asb3;Slit3;Gabrg2;Gabra1;Gabrb2;Mapk9;Fstl4;Rai1;Usp22;Arhgap44;Shisa6;Chd3;Pitpnm3;Doc2b;Sez6;Sarm1;Rab11fip4;Suz12;Cdk5r1;Ppm1d;Smg8;Ppm1e;Dgke;Car10;Pip4k2b;Rapgefl1;Atp6v0a1;Cntnap1;Nsf;Tlk2;Tanc2;Dcaf7;Cacng5;Abca5;Sstr2;Sdk2;Ube2o;Nptx1;Foxk2;Adarb2;Chrm3;Arid4b;Hecw1;Cdk13;Ripor2;Fam8a1;Spin1;Diras2;Gprin1;Nsd1;Spock1;Ubqln1;Agtpbp1;Cntnap3;Pcsk1;Mctp1;Ssbp2;Rasgrf2;Ankrd34b;Sv2c;Map1b;Sgtb;Rgs7bp;Htr1a;Rab3c;Hcn1;Dnajc27;Myt1l;Gpr22;Prkar2b;Ccdc71l;Lrfn5;Atl1;Gpr135;Syne2;Ccdc177;Map3k9;Sipa1l1;Tmem63c;Nrxn3;Moap1;Bcl11b;Cep170b;Ptprn2;Plcxd3;Cdh9;Cdh12;Cdh18;Kcns2;Pvt1;Kcnk9;Scrt1;Nptxr;Cacna1i;Tcf20;Brd1;Mapk8ip2;Slc2a13;Nell2;Arid2;Slc38a1;Ccnt1;Grin2a;Xxylt1;Zfp148;Kalrn;Gtf2e1;Plcxd2;Senp7;Epha6;Epha3;Cggbp1;Htr1f;Robo2;Tiam2;Arid1b;Map3k4;Igf2r;Fam120b;Syngap1;Pacsin1;Zfp871;Efna5;Twsg1;Dhx57;Map4k3;Prepl;Prkce;Zfp521;B4galt6;Nol4;Syt4;Sap130;Camk4;Brd8;Ankhd1;Pcdha3;Pcdha5;Pcdha6;Pcdha7;Pcdha12;Pcdhac2;Kctd16;Cep120;Chsy3;Camk2a;Ppargc1b;Spink10;St8sia3;Zfp532;Myo5b;Ctif;Pias2;St8sia5;Rnf165;Cbln2;Peli3;Gnaq;Gda;Apba1;Rfx3;Cstf2t;Minpp1;Cpeb3;Cnnm1;Hspa12a;Emx2;Rab11fip2","Galnt9;Miat;Sptbn4;Kmt2b;Lmtk3;Mast1","Zfp280c;Mroh7;Ankrd24;Rfx1;Cc2d1a;Carmil3;Limk2;Begain;Kifc2;Smpd4;Vwa5b2;Rgs11;Akap8l;Psd","Kcnt1;Zmym3;Usp48;Sfswap;Srrm3;Actl6b;Phc1;Ahi1;Zfr2;Celsr3;Trank1;Dbn1;Luc7l;Ehmt2;H2-M5;Slc25a27","Inha;Snhg11;Whrn;Clcn1;Plekha5;Gramd1a;Hirip3;Fbxl19;Plppr3;Dnah1;Wdhd1;Tdrd3;Clk4;Dnmt3a;Paxbp1;Aars2;Pdzd7","Garnl3;Lhx6;Hdx;Col24a1;Grip2;Lin28b;Celf5;Zc3h13;Uggt2;Usp28;Eml5;Rian;Phf20l1;Zfp57","Col19a1;Ogt;Rnpc3;Hook1;Scmh1;Baz1b;Peg3;Abcc8;Nr2f2;Atad2b;Lama3;Smc5","Kif21b;Baz2b;Kcnq2;Phc3;Celf3;Nos1;Pitpnm2;Trrap;Psme4;Ssh2;Arhgap39;Rbfox2;Nedd4l","Slc9b2;Epb41l4b;Rasgef1a;Adamts17;Sh3rf3;Camkv;Inpp5j;Morc2a;Tnrc6c;Map3k12;Sidt1;Wiz;Kdm4b","Kcns1;Il12a;Nsg1;Tuba8;Slc35d3;Atp6ap1l;Syndig1l;Camk2n2","Tchh;Kif17;Ociad2;Dlx6;Ntn5;Prrt2;Cited2;Drd2;Cacna2d2;Meis1;Ppp1r1b;Tbc1d7;Scx;Rasgrp2","Oprk1;Trp53i11;L3mbtl1;Radil;St8sia2;Fank1;Tmem158;Pou6f2;Efcab6","Scn9a;Pla2g4e;Trim46;Ccdc30;Hpca;C1qtnf12;Psg16;Emsy;Stk32c;Armc2;Fgf9;Thy1;Parp6;Rbfox3;Pcp4;Greb1l","Spag6;C1qtnf4;Zfp821;Cyp46a1;Incenp;Sfxn3","Pogz;Senp3;Foxg1;Csrnp2","Bend6;Cdk5r2;Rgs4;Olfm1;Arhgap15;Gca;Mpped2;Snap25;Vstm2l;Lsm14b;Penk;Stx1a;Snca;Cx3cl1;Zfp280d;Rtn1;Mal2;Tmem114;Calm2;Pcdha4;Lgi1;Golga7b","Cntnap5a;Fam78b;Cnih3;Sertad4;Upf2;Ntng2;Fibcd1;Chn1;Syt13;Ttl;Cbln4;Bhlhe22;Gpr88;Ap1ar;Negr1;Calb1;Jakmip1;Foxp2;Tacr1;Oxtr;Lhfpl4;Cpne9;Tspan11;Lmo3;Zfp143;Cdc40;Unc5d;Unc13a;Dbndd1;Pgbd5;Dmtn;Ubash3b;C2cd2l;Scn4b;AI593442;Elmod1;Nsg2;Lsm11;Rasgef1c;Msl1;Drd1;Cplx2;Klhl29;Cbx6;Cacnb3;Rbfox1;Cip2a;Fbxl16;Rcan2;Kcnip2","Cers6;Phf24;Plch2;Adra2c;Grid2ip;Spata2l;Jph4;Phip;Rbms3;Kcnh4;Coch;Mdga1;Klhl14"
"Oligodendrocytes","C1ql2;Chst8;Mx2;Itpr3","Nuf2;Rad51;Kcnip3;Ppp1r14c;Npsr1;AW551984;Larp6;Ripply2;Cspg5;Shisa8;Qpct;Scd3","Cntn2;Sulf2;Sdc3;Dennd2a;Ccnd1;Kif13a;Pdzrn4;Lbh","St18;Mcm6;Prkcq;Shc4;Tpx2;Trp53inp2;Papss1;Nkain1;Kazn;Lhfpl3;Fam114a1;Gpr37;Slco3a1;Ascl1;Tmcc3;Enpp6;Gab1;Serpinb1a;Sema4d;Rrm2;Plekhh1;Lmnb1;Slc12a2","Efhd1;Cdk18;Sapcd2;Ermn;Prr5l;Mal;Nkx2-2;Bcas1;Plxnb3;Gjb1;Plp1;Car2;Cldn11;Adamtsl4;Tspan2;Cyp2j12;Qdpr;Gltp;Gjc3;Gna12;Tm7sf3;Ppp1r14a;Mag;Plekhb1;D7Ertd443e;Nkx6-2;Rnf122;Fa2h;Cmtm5;Pdlim2;S1pr5;Anln;Phldb1;Cryab;Trf;Bfsp2;Gpr62;Ccdc13;Efnb3;Aspa;Rnf43;Cnp;Cacng4;Arsg;Itgb4;Srd5a1;Rsad2;Adi1;Pacs2;Ndrg1;Micall1;Sox10;Galnt6;Nmral1;Olig2;Olig1;Prr18;Sox8;Mog;Rftn1;Mbp;Cdc42ep2;Myrf;Opalin","Csrp1;Lad1;Tmem9;Matn4;Cers2;Pcdh15;Arhgef10;Jam3;Snx22;Mobp;P3h4;Nrtn","Sh3bp4;Abca2;Ryr3;Arsj;Inppl1;Ampd3;Kndc1;Rhou","Lmcd1;Matn2;Apod","Gsn;S100a4;Mindy1;Arhgef10l;Spon1;Aldh1l2;Smoc1;Serpina3n;Mc4r","Rap1gap;Hip1;Rhpn2;Usp54","Neu4;Etnppl;Plpp4;Scrg1;Ptpdc1","AA986860;Fam163a;Myt1;Ccna2;Slc27a3;Otud7b;Cyp2j6;Rad54l;Epb41;Uri1;Lgi3;Plod2;Ddc;Adam11;Mif4gd;Cys1;5031439G07Rik;Pus7l;Arhgef37","Galnt10;Parvb;Afap1l2","Fbxo36;Gpc1;Itih2;Pcolce;Mrgprf;Bmp4;Col12a1;Efemp1;Ace;Cpq","Serinc2;Ugdh;Gpt2","Mycl;Gab2;Ankrd28;Ppp2r3a;Tns3;Racgap1;Kank1;Gfra1","Pkia;Lix1l;Pdgfra;Gng12;Lrrn1;Fchsd2;Rrm1;Chpt1;Adam9;Trim67;Ehd3","Pter;Dpyd;Spsb1;Foxm1;Itpr2;Adamtsl3;Zcchc24;Cspg4;Adamts2;Caskin2;Vcan;Galnt16;Gpr17","Rapgef1;Samd4b;Endod1;Tbc1d9b;Kcnj16;Efr3b;B3galt5","Lypd1;Etnk2;Hip1r;Gfra2;Asic2;Gap43;Zdhhc23","Chn2;Desi1;Tubb4a","Psip1;Recql;Far1;Amd1;Nefl","Fkbp1a;Cetn2;Alas2;Nptx2","Smyd2;Ddx25;Mapt;Asb13;Vsnl1;Pigz","Rnf220;Acot7;Dbpht2;Mkx","Rras2;Fsd1;Tmem151a","Arxes1;Cenpm","Nap1l5;Arl2bp","Phlda3;Sgk2;Sox2ot;Insc;Slain1;Fez1;Fam177a;Xrcc3","Tyw5;Dnajb2;Serpine2;Igsf8;G0s2;Urm1;Grb14;Mdk;Hypk;Gss;Col9a3;Tpd52l2;Pcsk1n;Rab33a;Tceal5;Tceal3;Mageh1;Cetn4;S100a16;Zcchc17;Gale;Pink1;Ube2j2;Adap1;Rfc3;Bpgm;Lig1;Klc3;Aplp1;Josd2;Ptov1;Gas2;Rlbp1;Kctd13;Afg1l;Smarcb1;Gamt;Dohh;Fbxo7;Kcnmb4;Mdm1;Llph;Fnta;Nol3;Gfod2;Klhdc4;Efs;Il17d;Stmn4;R3hcc1;Spc24;Rnf7;Eif1b;Hhatl;Slc22a21;Cenpv;Dhrs13;Ccnq;Rnd2;Dnaic2;Cygb;Pcyt2;Rac3;Gmds;Sncb;Tmem179;Tmem121;Dgat1;Pvalb;Chadl;Atg101;Slc25a1;Gnptg;Gng13;Gtf2h4;Nudt8;Gstp1;Gstp2;Snx15;Arl2;Nmrk1;Fam122a;Pdcd4","Galnt3;Cenpb;Dbndd2;Col20a1;Srpk3;Hapln2;S100a1;S100a13;Car14;Psrc1;Grhpr;Ctnnal1;Crcp;Slc25a13;Rtkn;Fancd2;Cacna2d4;Iffo1;Zfp579;Nop53;Fbxo17;Sirt2;Syt3;Fah;Ppfibp2;Plk1;Gstt1;Fgf22;Atp7b;Syce2;Tppp3;Nob1;Rab4a;Ldb3;Slc44a2;Grik4;Pcbp4;Traf4;Snx11;C1ql1;Kif19a;Rab37;Cdr2l;Pycr1;Adssl1;Aard;Slc48a1;Col2a1;Rogdi;Agpat4;Dll1;Chtf18;Tfeb;Plin3;Rock1;Lims2;Acy3;Carns1;Snx32;Tcf7l2","Dtd1;Nudt18;Mrps18b","Ggct;Sdr42e1;Atp5mpl","","Col3a1;Prelp;Tnr;Itih5;Alx4;Cp;Col1a2;Fam180a;Slc6a13;Adam12;Aldh1a2;Tbx18;Aebp1;Mfap4;Ntn1;Col1a1;Serpind1;Arhgap31","Sntg1;B3gat2;Creg2;Trak2;Abi2;Unc80;Acsl3;Utp14b;Agap1;Cntnap5b;Dpp10;Tmem163;Syt2;Camsap2;Zfp281;Brinp3;Rabgap1l;Dnm3;Stam;Gpr158;Dnm1;Mapkap1;Lypd6;Fmnl2;Galnt13;Scn1a;Stk39;Ubr3;Rapgef4;Itgav;Lrrc4c;Abtb2;Ano3;Map1a;Secisbp2l;Atrn;Adra1d;Plcb1;Macrod2;Epb41l1;Ppp1r16b;Chrna4;Eef1a2;Klhl13;Gria3;Dcaf12l1;Phf6;Mcf2;Slitrk4;Gabra3;Atp2b3;Rab39b;Nlgn3;Nhsl2;Zdhhc15;Bhlhb9;Shroom2;Nceh1;Gnb4;Bbs7;Slitrk3;Glrb;Sike1;Extl2;Elovl6;Syde2;Miga1;Mmp16;Ubap1;Gne;Tdrd7;Grin3a;Zfp462;Pakap;Snx30;Brinp1;Pde4b;Usp24;Dhcr24;Nrd1;Pik3r3;Hpcal4;Grik3;Extl1;Acap3;Cdk14;Sema3e;Magi2;Dpp6;Htr5a;Selenoi;Tbc1d14;Lcorl;Tbc1d19;Pcdh7;Scfd2;Adgrl3;Lrrc8b;Atp6v0a2;Tmem132b;Tmem132d;Katnal1;Asns;Nxph1;Kcnd2;Slc13a4;D630045J12Rik;Gsdme;Tgoln1;Lrrtm1;Lrrtm4;Tmf1;Cntn6;Cntn4;Tmcc1;Ptpro;St8sia1;Atp1a3;Tshz3;Ppfia3;Acan;Capn5;Apbb1;Sox6;Xylt1;Prkcb;Stx1b;Tacc2;Igf2;Ust;Arfgef3;Fyn;Slc35f1;Chst3;Ctnna3;Lrrtm3;Ado;Zfp365;Lingo3;Chst11;Slc41a2;Gnptab;Mybpc1;Anks1b;Lum;Lgr5;Agap2;Kif5a;Evi5l;Irs2;Ank1;Sgcz;Mtmr7;Fam149a;Snx25;Sh3rf1;Mcm5;Zfp791;Cdh11;Cmtm4;Cmip;Hr;Kctd4;Kbtbd7;Pcdh20;Slitrk1;Mbnl2;Rap2a;Dock9;Ldlr;Igsf9b;Opcml;Bace1;Neo1;Fem1b;Megf11;Aph1b;Elovl4;Rasgrf1;Cdv3;Tmem108;Dock3;Map4;Exog;Cobl;Peli1;Gpr75;Pank3;Atp10b;Adam19;Cyfip2;Sowaha;Epn2;Mink1;Zzef1;Rap1gap2;Phf12;Usp32;Ppm1e;Car10;Slc22a23;Gfod1;Tppp;Jmy;Fam169a;Tnpo1;Pde4d;Emb;Adcy3;Lrrn3;Stxbp6;Sstr1;Six4;Rgs6;Slc24a4;Ppp4r4;Dicer1;Eml1;Itgb8;Tmem196;Rictor;Sema5a;Vps13b;Csmd3;Enpp2;Zfp41;Elfn2;Slc2a13;Cntn1;Prickle1;Nell2;Asic1;Slc4a8;Rimbp3;Mb21d2;Dlg1;Lsamp;Ncam2;Synj2;Chd1;Tbc1d22b;Tbc1d5;Epb41l3;Strn;Gpatch11;Prepl;Pcdhb2;Pcdhb5;Pcdhb6;Pcdhb9;Pcdhb18;Pcdhb21;Pcdhgb6;Ythdc2;Synpo;Rab27b;Slc22a6;Chrm1;Cemip2;Apba1;Vldlr;Slc1a1;Cdc37l1;Prkg1;Ifit2;Aldh18a1;Scd1;Hif1an;Sorcs3;Hspa12a","Szt2","Ltk;Zfp276;Begain;Ssh3","Itga8;Polg","Dusp15;Capn6;Plekhn1;Cdc7;Zfp932;Col26a1;Wdhd1;Dock6;Kcnk10;Usp16;Col11a2;Dlk2","Frmd5;Ptprd;Shisa7;Me3;Kif13b;Runx2","Abca8b","Frmd4a;Ago3;Tub;Xpo6;Plekhm1;Abca6;Ptk7;Pcnx3","Ralgps1;Podn;Fryl;Nup210;Nav2;Pigq","Mtap;Ubl3;Phospho1;Mafa","Adora1;Tbc1d23","Sulf1;Dnah7b;Pus7;Rasl12;Efcab1","R3hdm1;Wnt4;Dnaja4;Sstr3;Pcp4;Zdhhc14","Nudt17;Lnx1;Spa17;Ngb","Pcmtd2","Fhl2;Mapk8ip1;Tmod1;Hs3st1;Prkg2;Vstm2b;Wasf1;Olfm2;Vmp1;Dynll2","Rxrg;Ttl;Calb1;Tmem200b;Tmem132c;Sema4f;Ppfibp1;Zdhhc2;Dapk2;Tpm1;Tmem132e;Inf2;Cdh6;Prr16","Osbpl6;Zfhx4;Adam22;Mical3;Clgn;Rab15;Onecut2"
"Endothelia","Tshz2;Efcc1;Rbms2","Slc40a1;Pcdh19;Scarb1;Ret;Prcp;Zfp747;Grb10","St8sia6;Maoa;Slc16a1;Slc7a5;Ctnna1","Sema4c;Cobll1;Gbp2;Frmd4b;Rap1b;Elf1;Tmem123;N4bp3;Gmnn;Rasgrp3","Hopx;Irf7;Vsig2;Tmem98;Rai14;Sh3tc2;Pdlim1","Plp2;Bend5;Eps8l2;Arhgef15;Xaf1;Grb7","Arid5a;Casp8;Tbc1d1;Slc5a5;Triobp;Piezo2;Hhex","Tagln2;Srgn;Gipc3;Nxn","Vim;Ptges;Anxa5;S100a11;Ecm1;Hmgcs2;Glipr2;Htra3;Anxa3;Hspb1;Capg;Emp1;Mgp;Ehd2;Ifitm3;Uaca;Anxa2;Cd109;Fkbp10;Serpinb6b;Osmr;Angptl4;Anxa1;Itprip","Ism1;Slc2a1;Mfsd2a;Fzd4;Ripk1","Pgm1;Col4a1;Ctla2a;Selenop;Cyp2d22;Tns2;Kank3","Prickle3;Ammecr1;Tyms;Kcp;Wnt5b;Kcnj8;Nt5dc1;Fli1;Smtn;Rasd1;Slc16a11;Hbp1;Cebpd;Tbx1;H2-D1","Il1r1;Cavin2;Tns1;Eng;Stom;Lama5;Nes;Sgms2;Adgrl4;Acer2;Tinagl1;Megf6;Nos3;Acacb;Podxl;Vwf;Pglyrp1;Lsr;Atp10a;Cdkn1c;Acss3;Adgre5;Galnt15;Abcc4;Pdgfd;Paqr5;Tmod3;Flt4;Trim16;Unc45b;Cavin1;St6galnac2;Net1;Zfp366;Stk3;A4galt;Acvrl1;Notch4;Epas1","Lbp;Dnase1l1;Gstm2;Tnfrsf8;Vwa1;Hspb8;Dysf;Mamstr;Serpinh1;Ifitm2;Ifitm1;Cd151;Cnn2;Stra6;Rbp1;Foxc1;Kif26a;Dab2;Myof","Ier5l;Gimap8;Gadd45a;Pvr;Sertad1;Tnfaip1","Prex2;Sh3bgrl;Lims1;Trim25;F2r;Crybg3;Mbd2;Sgms1","Lamc1;Slc30a1;Wwtr1;P2ry14;Cttnbp2nl;Usp53;Ddx58;Calu;Ccdc126;Akap12;Elk3;Itgb1;Fermt2;Ets2","Il13ra1;Vangl1;Trim56;Ephb4;Cav1;Iqgap1;Hsd3b7;Arhgap18;Angpt2;Myo1e;Parp9;Ppic;Apcdd1","Ccdc141;Heph;Phactr4;Lrrc8c;Esyt1;Sntb2;Gjc1;Slc38a2","Dpp4;Usp43","Noct;Far2","Actr3;Cd34;Lrrc55;Klhl4;Snx7;Ube2d3;Ptpn12;Tbx3;Bnip3l;Ddx10;Tspan13","Impdh1;Pak1ip1;Rab12;Crem","Bag2;Pltp;Ldha","Arpc3;Pomc","Cdc42ep3","Pdcd10;Rps27;Sdcbp;Gtf2e2;Ppp1r2;Chmp2b;Zfp959","Nrbp1;Anxa7;Rpap3;Slc3a2","Gper1;Gng11;Taf7;Grp","Rpl31;Elk4;Snrpe;Dusp23;Egfl7;Rpl35;Ube2l6;Nr1h3;Lmo2;Cd59a;Eif3m;Dll4;Snrpb2;Cox4i2;Myl9;Rpl39;Utp14a;Hmgn5;Apool;Pir;Ofd1;Tmsb4x;Rpl22l1;Rab13;Casp6;Rpl34;Gng5;Sec61b;Rgs3;Pnrc2;Alkbh2;Pop5;Oas1c;Ppp1cc;Sem1;Gimap1;Tmsb10;Snrpg;Grcc10;Ybx3;Bcam;Rps16;Rras;Prrg2;Cavin3;Timm10b;Nsmce1;Ginm1;Tpd52l1;Gstt2;Ndufa4l2;Myl6;Rbpms;Ankrd37;Plvap;Hsf4;Wfdc1;Rps24;Ggact;Rpl4;Rps27l;Gsta4;Eef1a1;Hyal2;Slc25a20;Crtap;Rpsa;Npm1;Tcf7;Atox1;Naa38;Tax1bp3;Rpl23a;Tbx2;Nme2;Rpl23;Psmc3ip;Ramp2;Rpl27;Rpl38;Nsa2;Btf3;Ttc32;Rps7;Degs2;Nudt14;Rpl37;Eif3e;Eif3h;Slc52a2;Card10;Mapk12;AU021092;Eef2kmt;Cldn5;Def6;Cd320;Rps18;Fkbpl;Stap2;Ecscr;Rpl17;Haus1;Kcng2;Rnaseh2c;Uqcc3;Avpi1;Cutc;Casp7","Bok;Rab29;Nmi;Hspa12b;Ccm2l;Dnmt3b;Procr;Igbp1;Efna1;BC028528;Rhoc;Tbc1d2;Slc31a2;Osbpl9;Eva1b;Grrp1;Abcb1b;Sod3;Igfbp7;Col28a1;Gimap6;Nod1;Vamp5;Il17rc;Clec2d;Fxyd5;Rasip1;Adm;Gdpd3;Hmg20b;Slc26a10;Dgka;Thsd1;Il3ra;Mustn1;Phf7;Irf9;Zdhhc20;Lpar6;Naalad2;Epor;Esam;Bnip2;Rassf1;Rmnd5b;Shroom1;Slc16a13;Itga2b;Higd1b;Ubald2;Slc35b3;Dennd3;Ly6a;Ly6c1;Slc9a3r2;Noxo1;Trip10;Bambi","Bsg;Crip2","Adamtsl2;Fap;Cox7b;Emcn;Dnajc2;Pomp;Ubb;Tmem88;Myl12b","Hprt;Tceal9;Ostc;Txn1;Ssu72;Armc10;Gt(ROSA)26Sor;Polr2k","Fn1;Cd55;Tfpi;Thbd;Bgn;Kctd12b;Hspg2;Slc5a6;Tgfbr3;Cald1;Arhgef5;Slc6a6;Mill2;Tead2;Adgra2;Adcy4;Casp12;Lamb2;Nid1;Serpinb9;Aspn;Egflam;Npr3;Tnfrsf11b;Atp13a5;Phldb2;Ahnak","Tcea1;Slc9a2;Slc39a10;Bmpr2;Sgpp2;Agfg1;St8sia4;Hmcn1;Rgl1;Cr1l;Usp6nl;Etl4;Ifih1;Sestd1;Dnajc10;Tnks1bp1;Ldlrad3;Cd93;Shroom4;Xiap;Enox2;Pls3;Atp7a;Itm2a;Acot9;Rps6ka3;Tnfsf10;Bche;Golim4;She;Pip5k1a;Ptgfrn;Slc16a4;Palmd;Arhgap29;Pde5a;Enpep;Adgrl2;Pakap;Ptbp3;Tek;Kank4;Itgb3bp;Lepr;Lrp8;Luzp1;Ece1;Ddi2;Pramef8;Abcb1a;Lmbr1;Yes1;Rgs12;Apbb2;Slain2;Kdr;Ccng2;Cnot6l;Gbp9;Kctd10;Zfand2a;Slc7a1;Samd9l;Abcg2;Fam13a;Itpr1;Mansc1;Slco1c1;Abcc9;Dennd5b;Nomo1;Tjp1;Mef2a;Wee1;Utrn;Phactr2;Adgrg6;Lama4;Prep;Ascc3;Dcbld1;Spock2;Ipmk;Dusp6;Tmtc2;Ptprb;Erich1;Dlc1;Wwc2;Lzts1;Dok4;Cdh5;Tango6;Nrp1;Ptprg;Mmrn2;Exoc5;Mtmr6;Htr2a;Tsc22d1;Dgkh;Sugt1;Ets1;Srpr;Sema7a;Adam10;Filip1;Nck1;Ctnnb1;Snrk;Slc6a20a;B3gnt2;Ccdc85a;Sptbn1;Clint1;Mprip;Myh10;Crk;Slfn5;Mmp28;Gcnt2;Rnf144b;Ecm2;Ogn;Tut7;Lysmd3;Polk;Ocln;Itga1;Itsn2;Ubxn2a;Rock2;Nampt;Ahr;Arl4a;Nubpl;Clec14a;Synj2bp;Flrt2;Ttc7b;Btbd7;Ppp1r13b;Esyt2;Rapgef5;Rnf19a;Fzd6;St3gal1;Mrtfb;Tfrc;Heg1;Dtx3l;Gbe1;Nrip1;Tiam1;Ifnar1;Fndc1;Afdn;Zfp758;Adgrf5;Clic5;Man2a1;Ptprm;Lama1;Mpp7;Pcdhgb8;Pcdh1;Fem1c;Pard6g;Cd248;Slc22a8;Pip5k1b;Jak2;Exoc6;Slk;Grk5","Helz2;Flna;Pnpla6;Flnb","Hdac7;Map4k2","Col4a2;Jag2","Slc38a5;Gja4;Apold1;Isyna1;Anxa11;Fbxl12;Fcho2;Cd2ap","Tnfrsf25;Ceacam1;Ltbp4","Stard13;Igf1r;Vwa3a;Rapgef6;Malt1","Plekhg5;Pde2a;Insr;Myzap","Pear1;Ripor1;Stc1;Ano6;Smoc2;Plekhh2","Pcp4l1;Mospd1;Fam43a;Mylk","Lurap1l;Atp10d;Endou","Dnah6;Iqcg;Acta2","Gabpb1;Raly;Vegfc;Actn1;Grasp;Pdia5;Marveld1","Usp3;Car4","","Tbrg1;Myl4","Myo1b;Rgs5;Mpp1;Foxp1;Plxnd1;Actn4;Aqp11;Galnt18;Pde7b;Adora2a;Rassf3;Anxa6;Rflnb;Mxra7;Cyp39a1;Ttr;Afap1l1","Crispld1;Gpcpd1;Abca4;Kitl;Msrb3;Slco2a1;Ablim1"
