"","salmon","brown","red","greenyellow","purple","turquoise","green","tan","blue","cyan","yellow","black","magenta","pink"
"","FET pValue","FET pValue","FET pValue","FET pValue","FET pValue","FET pValue","FET pValue","FET pValue","FET pValue","FET pValue","FET pValue","FET pValue","FET pValue","FET pValue"
"Neuron","0.0218466733032071","0.00488124205789273","0.0719231231447399","3.73281589957627e-05","0.0472773472789033","1","0.000799526246380673","0.587798497157076","7.90469843320533e-32","0.746550847147623","0.999277346922727","0.996320506406397","0.999979865507236","0.999998570911686"
"NonNeuronal","0.133320041219404","0.999959221772269","0.999999358389433","0.355541120725962","0.999656961893799","0.999999999997865","0.387207270918045","0.946048181074352","0.999999999998114","4.68632631053556e-07","9.73246806529055e-18","6.57069961736616e-32","5.4157350243512e-22","1.42646111399025e-22"
"","FDR corrected","FDR corrected","FDR corrected","FDR corrected","FDR corrected","FDR corrected","FDR corrected","FDR corrected","FDR corrected","FDR corrected","FDR corrected","FDR corrected","FDR corrected","FDR corrected"
"Neuron","0.0611706852489798","0.015186086402333","0.16782062067106","0.000149312635983051","0.120342338528118","1","0.00279834186233235","1","1.10665778064875e-30","1","1","1","1","1"
"NonNeuronal","0.287150858011023","1","1","0.711082241451924","1","1","0.722786905713684","1","1","2.18695227824993e-06","5.45018211656271e-17","1.10665778064875e-30","3.79101451704584e-21","1.3313637063909e-21"
"","Overlap","Overlap","Overlap","Overlap","Overlap","Overlap","Overlap","Overlap","Overlap","Overlap","Overlap","Overlap","Overlap","Overlap"
"Neuron","15","33","23","30","21","293","33","10","636","3","8","7","3","2"
"NonNeuronal","29","34","21","41","23","1094","54","22","1050","26","112","116","100","103"
"","CategoryHitsInDataSet(ADJ)","CategoryHitsInDataSet(ADJ)","CategoryHitsInDataSet(ADJ)","CategoryHitsInDataSet(ADJ)","CategoryHitsInDataSet(ADJ)","CategoryHitsInDataSet(ADJ)","CategoryHitsInDataSet(ADJ)","CategoryHitsInDataSet(ADJ)","CategoryHitsInDataSet(ADJ)","CategoryHitsInDataSet(ADJ)","CategoryHitsInDataSet(ADJ)","CategoryHitsInDataSet(ADJ)","CategoryHitsInDataSet(ADJ)","CategoryHitsInDataSet(ADJ)"
"Neuron","1389","1389","1389","1389","1389","1389","1389","1389","1389","1389","1389","1389","1389","1389"
"NonNeuronal","3876","3876","3876","3876","3876","3876","3876","3876","3876","3876","3876","3876","3876","3876"
"","CategoryHitsInDataSet(Unadj)","CategoryHitsInDataSet(Unadj)","CategoryHitsInDataSet(Unadj)","CategoryHitsInDataSet(Unadj)","CategoryHitsInDataSet(Unadj)","CategoryHitsInDataSet(Unadj)","CategoryHitsInDataSet(Unadj)","CategoryHitsInDataSet(Unadj)","CategoryHitsInDataSet(Unadj)","CategoryHitsInDataSet(Unadj)","CategoryHitsInDataSet(Unadj)","CategoryHitsInDataSet(Unadj)","CategoryHitsInDataSet(Unadj)","CategoryHitsInDataSet(Unadj)"
"","1389","1389","1389","1389","1389","1389","1389","1389","1389","1389","1389","1389","1389","1389"
"","3876","3876","3876","3876","3876","3876","3876","3876","3876","3876","3876","3876","3876","3876"
"","OverlappedGeneLists","OverlappedGeneLists","OverlappedGeneLists","OverlappedGeneLists","OverlappedGeneLists","OverlappedGeneLists","OverlappedGeneLists","OverlappedGeneLists","OverlappedGeneLists","OverlappedGeneLists","OverlappedGeneLists","OverlappedGeneLists","OverlappedGeneLists","OverlappedGeneLists"
"Neuron","Zdbf2;Rnd3;Fastkd5;Rims4;Fam43b;Mn1;Tet3;Zfp667;Fbxl19;Cbarp;Dusp4;Spata2l;Bcl11a;Sstr2;Pcsk1","Nck2;Thsd7b;Ntsr1;Samd10;Pgrmc1;Tmem35a;Zcchc18;Hcn3;Srsf12;Vgf;Tmem130;Syt5;Gpr6;Tubb3;Pnoc;Gpr83;Cck;Cnrip1;Senp3;Tubb2a;Mblac2;Vsnl1;Basp1;Mtss1;Adcy8;Baiap2l2;Hnrnpa1;Gap43;Syngr3;Adcyap1;Nrep;Npas4;Shtn1","Bend6;Tmem198;Dut;Lsm14b;Ubqln2;Sms;Stmn2;Snx16;Ralyl;Rusc1;Caap1;Dnajb6;Mad2l1;Ramac;Nsg2;Gdpd1;Mapt;Nrn1;Ube2v2;Cd200;Calm2;St8sia5;Nanos1","Cnih3;Ntng2;Fibcd1;Arhgap15;Itpka;Vstm2l;Bhlhe22;Gpr88;Col24a1;Calb1;Hpca;Plch2;Stx1a;Foxp2;Lhfpl4;Cpne9;Rsph4a;Lin28b;Unc13a;Pgbd5;Parp6;Grm2;Rasgef1c;Rbfox3;Cplx2;Atp6ap1l;Cyp46a1;Cacnb3;Tmem114;Golga7b","Cdk5r2;Olfm1;Lpcat4;Syp;C1qtnf12;Npy;Snca;Ttc9b;Snrpn;Emsy;Tmem158;Dusp14;Jpt1;Trappc6b;Rtn1;Cacng2;Sult4a1;Rtn4r;Pcp4;Mdga1;Lgi1","Tex30;Inha;Nppc;Klhdc8a;Ppfia4;Mgst3;Igsf8;Ackr1;Ehmt1;Kcnt1;Gpsm1;Brd3;Gle1;Ass1;Pip5kl1;Nup35;Ypel4;Fnbp4;C1qtnf4;Pax6;Rhov;Ckmt1;Ctxn2;Gfra4;Chgb;Nrsn2;Blcap;Nnat;Snhg11;L3mbtl1;Gdap1l1;Snx21;Mrgbp;Stmn3;Arfrp1;Ccdc120;Pqbp1;Zcchc12;Ndufa1;Pnck;Zmym3;Gprasp2;Bex2;Bex1;Adgrg2;Vmn2r1;Smc4;Rxfp1;Lmna;Slc27a3;Lor;Tuft1;Cgn;Sema6c;Ankrd35;Amy1;Ndst3;Gar1;Chd7;Ndufaf6;Ccl27a;Tomm5;Whrn;Nfib;Mroh7;Ssbp3;Ttc39a;Dmrta2;Nasp;Ccdc30;Yrdc;Epha10;Rspo1;Phc2;Fabp3;Cd164l2;Trnp1;Stmn1;Usp48;Fam131c;Wrap73;Atg9b;Smarcd3;Cgref1;Uchl1;Utp3;Tmem150c;Bicdl1;Cit;Suds3;Sdsl;Diablo;Cdk2ap1;Sfswap;Srrm3;Prkrip1;Ache;Ufsp1;Actl6b;Tfr2;Zscan21;Trpv6;Clcn1;Ezh2;Gpr27;Phc1;Plekha5;Lig1;Psg16;Gipr;Gemin7;Tmem145;Tmem91;Sptbn4;Spint2;Cox7a1;Sbsn;Fxyd7;Gramd1a;Kctd15;Fam71e1;Nosip;Dkkl1;Ntn5;Lmtk3;Grin2d;Abcc8;Ano5;Ndn;Cpeb1;Plekha7;Doc2a;Hirip3;Asphd1;Cd2bp2;Tcerg1l;Caly;B4galnt4;Cend1;Pidd1;Abracl;Ahi1;Chchd10;Pcbp3;Plppr3;Cirbp;Diras1;Pias4;Zfr2;Sirt6;Ankrd24;9-Mar;Tac2;Prim1;Timeless;Myl6b;Prr36;Sugp1;Tmem59l;Rab3a;Sin3b;Rfx1;Cc2d1a;Mast1;Rtbdn;Hook2;Cbln1;Brd7;Carmil2;Zfp821;Calb2;Cpne7;Acta1;Dnajc9;Ppif;Nt5dc2;Wdhd1;Klhl33;Carmil3;Cpne6;Emc9;Sdr39u1;Rnaseh2b;Piwil2;Zc3h13;Serp2;Pde4a;Fxyd2;Htr3a;Usp28;Cib2;Rpp25;Col6a4;Mst1r;Entpd3;Pisd-ps1;Limk2;Mtfp1;Cabp7;Nipsnap1;Ramp3;Ahsa2;Bod1;Fbll1;Clk4;Col23a1;Trim17;Aloxe3;Ybx2;Nsrp1;Unc119;Samd14;Nxph3;Pcgf2;Neurod2;Plcd3;Hexim2;Cyb561;Cygb;Cbx2;Rac3;Tubb2b;Sncb;Med10;Fkbp1b;Sox11;2700097O09Rik;Fkbp3;Pgf;Snhg10;Begain;Meg3;Mirg;Ly6h;Exosc4;Kifc2;Lrrc24;Pdxp;Csnk1e;Cbx7;Rps19bp1;Panx2;Ccdc116;Ydjc;Smpd4;Vwa5b2;Camk2n2;Sst;Iqcb1;Cmss1;Paxbp1;Flywch2;Rab26;Baiap3;Rhbdl1;Arhgdig;Rgs11;Kifc5b;Lhfpl5;Slc37a1;Akap8l;Pfdn6;Ehmt2;Atp6v1g2;Rnf39;H2-M5;Zfp57;Slc25a27;Aars2;Celf4;Rit2;Polr2d;Pfdn1;Pcdhgc4;Fchsd1;Slc6a7;Ablim3;Cidea;Tcf4;Rbm4b;Cnih2;Kat5;Fam89b;Pola2;Wdr74;Gng3;Incenp;Frat1;Sema4g;Pdzd7;Kazald1;Psd;Ina","Kif21b;Garnl3;Baz2b;Tro;Celf3;Slc9b2;Epb41l4b;Galnt9;Miat;Kdm2b;Pitpnm2;Baz1b;Ttc26;Grip2;Numbl;Kmt2b;Shank1;Sh3rf3;Col6a2;Celf5;Chd8;Celsr3;Trank1;Morc2a;Ssh2;Tnrc6c;Unc5a;Dbn1;Dnmt3a;Arhgap39;Luc7l;Wiz;Kdm4b","Col19a1;Scn9a;Ogt;Hdx;Rnpc3;Hook1;Peg3;Armc2;Atad2b;Smc5","Xkr4;Oprk1;Slco5a1;Ncoa2;Kcnb2;Stau2;Gdap1;Kcnq5;Amer3;Aff3;Lonrf2;Satb2;Fam117b;Smarcal1;Scg2;Irs1;Sphkap;Dner;Cdh7;Cntnap5a;Mgat5;Lemd1;Klhl12;Rabif;Kdm5b;Syt2;B3galt2;Smg7;Rgs8;Ralgps2;Ankrd45;Fam78b;Rgs4;Cadm3;Grem2;Cep170;Zbtb18;Cnst;Mark1;Esrrg;Lpgat1;Kcnh1;Sertad4;Plxna2;Suv39h2;Upf2;Cacnb2;Gad2;Nxph2;Cacna1b;Grin1;Camsap1;Prrc2b;Dnm1;Stxbp1;Dab2ip;Strbp;Gpr21;Scai;Epc2;Kif5c;Neb;Cacnb4;Kcnj3;Tbr1;Gca;Kcnh7;B3galt1;Cers6;Gad1;Dlx1as;Sp9;Chn1;Atf2;Zfp385b;Neurod1;Pde1a;Zfp804a;Rtn4rl2;Madd;Chrm4;Syt13;Qser1;Mpped2;Kcna4;Fmn1;Gjd2;Pak6;Disp2;Chac1;Ttbk2;Ttl;Prokr2;Pak7;Snap25;Tasp1;Flrt3;Dzank1;Slc24a3;Insm1;Sstr4;Napb;Scrt2;Mmp24;Slc32a1;Chd6;Kcns1;Slc12a5;Adnp;Kcng1;Cbln4;Cdh4;Ss18l1;Kcnq2;Eef1a2;Med14;Usp9x;Syn1;Tenm1;Slc9a6;Fgf13;Aff2;Ids;Zfp92;Mecp2;Gdi1;Kif4;Dlg3;Nap1l2;Magee1;Pou3f4;Nap1l3;Armcx4;Gprasp1;Armcx5;Rab9b;Il1rapl2;Frmpd3;Prps1;Acsl4;Pak3;Dcx;Trpc5;Gnl3l;Phf8;Gpr173;Klf8;Ptchd1;Cnksr2;Frmpd4;Zc2hc1a;Zfp704;Fndc3b;Phc3;Slc7a14;Kcnmb2;Trpc3;4932438A13Rik;Ankrd50;Maml3;Trpc4;Nbea;Tsc22d2;Mme;Serpini1;Map9;Npy2r;Adar;Chrnb2;Ankrd34a;Bcl9;Pde4dip;Trim33;Syt6;Slc6a17;Amigo1;Celsr2;Wdr47;Olfm3;Plppr4;Fnbp1l;Ndst4;Ap1ar;Col25a1;Npnt;Cxxc4;Prkacb;Negr1;Clvs1;Pdp1;Necab1;Epha7;Cnr1;Zfp292;Lingo2;Pakap;Zkscan16;Zfp37;Sh3gl2;Slc24a2;Elavl2;Dnajc6;Sgip1;Cyp4x1;Kdm4a;Foxj3;Rims3;Zbtb8b;Oprd1;Ahdc1;Rcan3;Ephb2;Spen;Clstn1;Camta1;Ajap1;Cep104;Akap9;Rundc3b;Sema3a;Cacna2d1;Fam185a;Reln;Nsd2;Afap1;Jakmip1;Crmp1;Lgi2;Kctd8;Kit;Noa1;Cenpc1;Rufy3;Dck;Cdkl2;Zfp644;Cplx1;Ep400;Ulk1;Wscd2;Ksr2;Nos1;Rnft2;Rhof;Bcl7a;Rimbp2;Vkorc1l1;Caln1;Ywhag;Prkar1b;Grid2ip;Gpr12;Mtus2;Casd1;Peg10;Dync1i1;Dlx6os1;Phf14;Thsd7a;Wnt2;Cadps2;Grm8;Ephb6;Casp2;Tcaf1;Cntnap2;Snx10;Mturn;Neurod6;Lancl2;Vopp1;Gprin3;Eif2ak3;Tacr1;Fbxo41;Cntn3;Grm7;Oxtr;Srgap3;Atp2b2;Zfp422;Kdm5a;Iqsec3;Slc2a3;Clstn3;Prmt8;Tspan11;Cdkn1b;Grin2b;Lmo3;Brsk1;Usp29;Nova2;Atp1a3;Sipa1l3;Prr12;Kcnj11;Kcnc1;Nell1;Gabrg3;Chrna7;St8sia2;Sv2b;Ap3b2;Homer2;Hdgfl3;Dlg2;Ankrd42;Tenm4;Map6;Pgm2l1;Trim66;Mical2;Tead1;Ubfd1;Sbk1;Sez6l2;Prrt2;Stx1b;Zfp668;Inpp5f;Gpr26;Brsk2;Dusp8;Osbpl5;Shank2;Rgs17;Ipcef1;Fbxo30;Arfgef3;Tmem200a;Clvs2;Tspyl4;Hs3st5;Cdc40;Foxo3;Ccdc6;Zwint;Gnaz;Adarb1;Apc2;Mex3d;Btbd11;Syn3;Nt5dc3;Slc17a8;Atp2b1;Mgat4c;Slc6a15;Ppfia2;Syt1;Kcnc2;Trhde;Tbc1d30;Champ1;Dlgap2;Zmat4;Bag4;Unc5d;Nrg1;Eri1;Tusc3;Micu3;Galntl6;Npy1r;Sugp2;Slc35e1;Smarca5;Adgrl1;Cacna1a;Cx3cl1;Ndrg4;Cdh8;Ctcf;Smpd3;Has3;Terf2ip;Cntnap4;Ccsap;Cadps;Synpr;Rarb;Gng2;Ppp3cb;Erc2;Cacna2d3;Dcp1a;Pbrm1;Mapk8;Nrg3;Slc35f4;Jph4;Zmym2;Pnma2;Dmtn;Rb1;Enox1;Pcdh17;Klhl1;Dach1;Klf12;Hs6st3;Alkbh8;Gucy1a2;Trpc6;Pgr;Cntn5;Fat3;Rab3d;Gramd1b;Ubash3b;Scn2b;Scn4b;Rnf214;Zbtb16;AI593442;Elmod1;Tnfaip8l3;Dmxl2;Hmg20a;Islr2;Hcn4;Myo9a;Glce;Zfp609;Zfp280d;Hcrtr2;Htr1b;Snap91;Mrap2;Paqr9;Clstn2;Rab6b;Dcaf1;Rbm15b;Cacna2d2;Bsn;Setd2;Epm2aip1;Dclk3;Tmppe;Rbms3;Eif4enif1;Patz1;Nefh;Camk2b;Adcy1;Vwc2;Vstm2a;Ehbp1;Asb3;Slit3;Gabrg2;Gabra1;Gabrb2;Lsm11;Mapk9;Fstl4;Gria1;Rai1;Usp22;Arhgap44;Shisa6;Chd3;Sarm1;Rab11fip4;Suz12;Cdk5r1;Smg8;Ppm1e;Vezf1;Dgke;Car10;Pip4k2b;Rapgefl1;Top2a;Atp6v0a1;Cntnap1;Nsf;Tlk2;Tanc2;Dcaf7;Abca5;Ube2o;C1qtnf1;Nptx1;Foxk2;Adarb2;Chrm3;Ryr2;Arid4b;Hecw1;Cdk13;Pou6f2;Ripor2;Fam8a1;Spin1;Diras2;Drd1;Gprin1;Nsd1;Spock1;Ubqln1;Agtpbp1;Cntnap3;Ube2ql1;Mctp1;Ssbp2;Rasgrf2;Ankrd34b;Sv2c;Map1b;Sgtb;Rgs7bp;Htr1a;Rab3c;Hcn1;Dnajc27;Klhl29;Myt1l;Gpr22;Prkar2b;Ccdc71l;Lrfn5;Atl1;Gpr135;Syne2;Ccdc177;Map3k9;Sipa1l1;Pnma1;Tmem63c;Nrxn3;Nrde2;Moap1;Bcl11b;Cep170b;Ptprn2;Plcxd3;Pdzd2;Cdh9;Cdh12;Cdh18;Kcns2;Rspo2;Mal2;Pvt1;Kcnk9;Scrt1;Rbfox2;Nptxr;Cacna1i;Tcf20;Brd1;Mapk8ip2;Slc2a13;Nell2;Arid2;Slc38a1;Ccnt1;Rbfox1;Grin2a;Dgkg;Xxylt1;Zfp148;Kalrn;Gtf2e1;Plcxd2;Senp7;Epha6;Arl13b;Epha3;Cggbp1;Htr1f;Robo2;Tiam2;Arid1b;Igf2r;Fam120b;Rgmb;Fbxl16;Syngap1;Pacsin1;Zfp871;Rcan2;Efna5;Twsg1;Dhx57;Map4k3;Prepl;Prkce;Zfp521;B4galt6;Klhl14;Nol4;Syt4;Sap130;Ammecr1l;Camk4;Brd8;Ankhd1;Pcdha2;Pcdha3;Pcdha5;Pcdha6;Pcdha7;Pcdha12;Pcdhac2;Kctd16;Cep120;Chsy3;Camk2a;Spink10;St8sia3;Nedd4l;Zfp532;Myo5b;Ctif;Pias2;Rnf165;Cbln2;Peli3;Klc2;Gnaq;Prune2;Gda;Apba1;Rfx3;Cstf2t;Minpp1;Cpeb3;Kif11;Cnnm1;Hspa12a;Emx2;Rab11fip2","Fibin;Igsf3;Gxylt2","St18;Prox1;Nrip3;Susd2;Lrig3;Slfn9;Zfpm2;Isoc1","Gpc1;Eya2;Zic2;Itgbl1;Islr;Thbs2;Lrrn4cl","Tacc3;Ociad2;Wipf3","Ccdc85c;Slit1"
"NonNeuronal","Bag2;Bcl2;Ier5;Nrarp;Tnks1bp1;Ptpn1;Nr4a3;Stk40;Gpr3;Ece1;Tnfrsf25;Vps37b;Bhlhe40;Ccnd2;Egr2;Dusp6;Irs2;Zswim4;Junb;Kdm6b;Fmnl1;Trib2;Fos;Traf3;Trib1;Phf21b;Mapk14;Egr1;Dusp5","Ptp4a1;Tsga10;Ptgs2;Smyd2;Ppp2r5a;Rcn1;Sgk2;Rgs19;Hprt;Cetn2;Tceal9;Wdr78;Zfp933;Acot7;Dnajc2;Gng11;Nop2;Ppp1r14c;Rmnd1;Gtf2e2;Fdft1;Ncam1;Usp43;Arf2;Pak1ip1;Tmem161b;Vsnl1;Eml1;Adcy8;Gap43;Vegfa;Tnfaip8l1;Tubb4a;Taf7","Tuba4a;Actr3;Bdnf;Pltp;Nsdhl;Sigmar1;Psip1;Rraga;Rnf19b;Ptpn12;Ldha;Far1;Phyhipl;Rcn2;Lrrc75a;Vmp1;Mapt;Zfp708;Sybu;Crem;B4gat1","Fhl2;Ngef;Dgkz;Mapk8ip1;Pamr1;Pdyn;Drp2;Calb1;Tmod1;Rasl11b;Myo18b;Mmab;Impdh1;Tspan33;Sema4f;Foxp1;Mical3;Vstm2b;Dhcr7;Rsph4a;Clgn;Tbrg1;Coro2b;Dapk2;Lca5;Rflnb;Tmem132e;Tcap;Myl4;Slc16a6;Mxra7;Nr2f1;Rab15;Acot5;Sstr3;Pde1b;Tagap1;Cyp39a1;Afap1l1;Cd6;Rorb","Adam33;Pmepa1;Dph5;Lef1;Rnf220;Fndc5;Ssu72;Actr3b;Arpc3;Ptn;Me3;Cox6a2;Wasf1;Vegfc;Olfm2;Tmem218;Dnaja4;Lyrm4;Dbpht2;Ppp1r1a;Pcp4;Wdr55;Fam122a","Adhfe1;Cspp1;Khdrbs2;Ptpn18;Arid5a;Rpl31;Dnah7b;Tyw5;Casp8;Acadl;Plcd4;Stk36;Wnt10a;Dnajb2;Des;Stk11ip;Serpine2;Sag;Lrrfip1;Scly;Neu4;Dbi;C1ql2;Lypd1;Rab29;Elk4;Etnk2;Snrpe;Cyb5r1;Rnpep;Phlda3;Lad1;Tmem9;Arpc5;Rnasel;Fam163a;Tor3a;Prdx6;Creg1;Nuf2;Fcer1g;Igsf8;Dusp23;Aim2;Hsd11b1;G0s2;Il15ra;Itga8;Pdss1;Pnpla7;Dpp7;Uap1l1;Sapcd2;Entpd2;Mamdc4;Card9;Egfl7;Agpat2;Urm1;Phyhd1;Ier5l;Ass1;Pomt1;St6galnac4;Slc2a8;Rpl35;Nmi;Rprm;Grb14;Galnt3;Cwc22;Ube2l6;Ptpmt1;Spi1;Nr1h3;Ddb2;Pacsin3;Mdk;Accs;Alkbh3;Cd59a;Pax6;Ryr3;Ivd;Ltk;Catsper2;Hypk;B2m;Trpm7;Blvra;Dusp2;Kcnip3;Zfp661;Slc20a1;Cenpb;Snrpb2;Dtd1;Cst3;Acss1;Cox4i2;Dusp15;Dnmt3b;Snta1;Pxmp4;Raly;Gss;Edem2;Procr;Romo1;Myl9;Srsf6;Matn4;Dbndd2;Dnttip1;Ctsa;Slc35c2;Rnf114;Cebpb;Nfatc2;Tshz2;Bcas1;Ppp4r1l-ps;Ctsz;Sycp2;Slco4a1;Col9a3;Col20a1;Tpd52l2;Ccdc22;Plp2;Pcsk1n;Tspan7;Cfp;Rpl39;Upf3b;Thoc2;Utp14a;Fhl1;Mtm1;Zfp185;Srpk3;Arhgap4;Fam3a;Ophn1;Pdzd11;Gdpd2;Cox7b;Hmgn5;Xkrx;Tceal5;Tceal3;Kcne1l;Capn6;Mageh1;Foxr2;Sat1;Vegfd;Ofd1;Tmsb4x;Fabp5;Rpl22l1;Sox2;Ccna2;Cetn4;Intu;Tm4sf1;Lxn;Smc4;Bcan;Hapln2;Paqr6;Clk2;Efna1;Adam15;Lenep;Cks1b;Pbxip1;Rps27;Rab13;Slc27a3;S100a1;S100a13;S100a16;Riiad1;Tnfaip8l2;Cers2;Ecm1;Plekho1;Mtmr11;Nudt17;Phgdh;Rhoc;Mov10;Gstm5;Gstm1;Psrc1;Prpf38b;Casp6;Ostc;Rpl34;Ccn1;Gng5;Rpf1;Srsf11;Smim8;Nudt2;Dnaic1;Cntfr;Galt;Spag8;Clta;Tbc1d2;Anks6;Galnt12;Sec61b;Klf4;Ctnnal1;Txn1;Slc31a2;Rgs3;Col27a1;Tnc;Cyp2j12;Scp2;Echdc2;Osbpl9;Bend5;Mob3c;Uqcrh;Rad54l;Hyi;Zfp691;P3h1;Csf3r;Lsm10;Eva1b;Zbtb8os;Tinagl1;Serinc2;Zcchc17;Epb41;Snhg3;Gpatch3;Grrp1;Pnrc2;Gale;Id3;C1qa;Pink1;Capzb;Aldh4a1;Atp13a2;Necap2;Efhd2;Dhrs3;Mthfr;Fbxo2;Ctnnbip1;Pik3cd;Per3;Hes5;Nadk;Cdk11b;Vwa1;Ube2j2;Agrn;Plekhn1;Mterf1a;Armc10;Tyms;Khk;Abhd1;Snx17;Zfp513;Nrbp1;Tnip2;Sh3bp2;Evc;Evc2;Qdpr;Ugdh;Hopx;Igfbp7;Cdc7;Idua;Zfp932;Pxmp2;Pus1;Crybb1;Tpst2;Srrd;Hps4;Iscu;Alkbh2;Acads;Pop5;Srsf9;Pxn;Sdsl;Oas1c;Erp29;Sh2b3;Ppp1cc;P2rx4;Rilpl2;Rilpl1;Psph;Phkg1;Asl;Crcp;Lat2;Mlxipl;Tmem120a;Hspb1;Rasa4;Lrwd1;Col26a1;Plod3;Tsc22d4;Adap1;Snx8;Ap5z1;Actb;Bri3;Arpc1b;Rasl11a;Pomp;N4bp2l1;Rfc3;Sem1;Col28a1;Atp6v1f;Kcp;Akr1b3;Bpgm;Parp12;Gstk1;Zyx;Ggct;Lsm5;Gadd45a;Vamp5;Vamp8;Tmsb10;Dok1;Htra2;Aup1;Rtkn;Bola3;Nagk;Nat8f5;Nat8f1;Snrpg;Cfap100;Lmcd1;Gt(ROSA)26Sor;Camk1;Arpc4;Il17rc;Bms1;Il17ra;Hdhd5;Grcc10;Iffo1;Cd9;Tulp3;Clec2d;Ybx3;Gpr19;Hebp1;Dera;Mgst1;Pyroxd1;Ldhb;Ttyh1;Leng8;Leng9;Tmem86b;Isoc2b;Zfp579;Epn1;Lig1;Nop53;Dhx34;Prkd2;Pglyrp1;Six5;Klc3;Relb;Apoe;Pvr;Pou2f2;Bckdha;Ltbp4;Shkbp1;Blvrb;Sertad1;Rps16;Gmfg;Fbxo17;Nfkbib;Sirt2;Rinl;Ech1;Ppp1r14a;Capns1;Nfkbid;Aplp1;Cox6b1;Lsr;Fxyd5;Fxyd1;Lgi4;Hpn;Gramd1a;Kctd15;Chst8;Pepd;Slc7a10;Nudt19;Vmn2r57;AW146154;Zfp658;Josd2;Myh14;Ptov1;Rras;Prrg2;Aldh16a1;Cd37;Gys1;Ftl1;Ppp1r15a;Bcat2;Rasip1;Abcc8;Tmem86a;Htatip2;Gas2;Mcee;Mfge8;Rlbp1;Idh2;Cib1;Fes;Furin;Crtc3;Sh3gl3;Fah;Usp35;Kctd14;P4ha3;Plekhb1;Arap1;Rhog;Cavin3;Timm10b;Tpp1;Ppfibp2;Lmo1;Adm;Iqck;Crym;Plk1;Nsmce1;Il21r;Rabep2;Cln3;Nupr1;Sult1a1;Coro1a;Gdpd3;Tmem219;Kctd13;Mvp;Fbrs;Hsd3b7;Tgfb1i1;Rgs10;Bag3;Plpp4;Ctbp2;Kndc1;Adam8;Pgghg;Ifitm2;Ptdss2;Rnh1;Eps8l2;Lsp1;Cdkn1c;Tnfrsf23;Ginm1;Tpd52l1;Mical1;Smpd2;Fabp7;Ccdc138;Ascc1;Pcbd1;Sgpl1;Srgn;Pbld2;Pcdh15;Ggt5;Ddt;Gstt1;Gstt2;Smarcb1;Sumo3;Ube2g2;Icosl;Cstb;Bsg;Fgf22;Tmem259;Arhgap45;Sbno2;Gamt;Mknk2;Gadd45b;Matk;Hmg20b;Dohh;Appl2;Fbxo7;Rmst;Btg1;Pawr;Csrp2;Kcnmb4;Mdm1;Llph;B4galnt1;Gli1;Prim1;Stat2;Myl6;Dgka;Cd63;Rdh5;Itga7;Pnpla6;Stxbp2;Col4a1;Col4a2;Gas6;Coprs;Atp7b;Thsd1;Fnta;Eif4ebp1;Rbpms;Ankrd37;Scrg1;Sap30;Gmip;Isyna1;Jund;Ifi30;Slc5a5;Map1s;Plvap;Slc27a1;Colgalt1;Jak3;Tpm4;Pkn1;D8Ertd738e;Lyl1;Syce2;Gcdh;Cbln1;Mt3;Mt2;Arl2bp;Ccl17;Ccdc113;Tk2;Rrad;Tradd;Fbxl8;Hsf4;Nol3;Elmo3;Fhod1;Tppp3;Gfod2;Psmb10;Lcat;Pla2g15;Nqo1;Nob1;Zfhx3;Gcsh;Necab2;Wfdc1;Cotl1;Klhdc4;Cyba;Rnf166;Cdt1;Galns;Zfp276;Fanca;Rhou;Rab4a;Agt;Ntpcr;Il3ra;Ndst2;Comtd1;Rps24;Chdh;Mustn1;Btd;Arhgap22;Ldb3;Ddhd1;Wdhd1;Osgep;Pnp;Rnase4;Ndrg2;Oxa1l;Efs;Cmtm5;Ap1g2;Dhrs4;Psme2;Irf9;Cideb;Cryl1;Il17d;Zdhhc20;Clu;Ephx2;Stmn4;R3hcc1;Pdlim2;Nudt18;Lpar6;Zc3h13;Naa16;Cldn10;Clybl;Ggact;Cwf19l2;Smco4;Fbxl12;Gm38431;S1pr5;Slc44a2;Dnm2;Tmed1;Dock6;Jam3;Foxred1;Esam;Vsig2;Spa17;Grik4;Oaf;Ccdc84;Pts;Bco2;Il18;Cryab;Slc35f2;Tmem266;Etfa;Ppcdc;Scamp2;Csk;Tmem202;Hexa;Rplp1;Aagab;Rpl4;Snx22;Usp3;Rps27l;Aqp9;Tmod3;Gsta4;Eef1a1;Hmgn3;Mthfsl;Chst2;Rnf7;Nphp3;Twf2;Abhd14b;Pcbp4;Gpr62;Zmynd10;Rassf1;Amigo3;Amt;Gpx1;Klhdc8b;Slc25a20;Slc26a6;Trex1;Nradd;Nbeal2;Als2cl;Crtap;Ctdspl;Myd88;Rpsa;Mobp;Eif1b;Hhatl;Ccdc13;Higd1a;Limd1;Pla2g3;Rnf215;Ccdc157;Tbc1d10a;Emid1;Pus10;Vrk2;Prorsd1;Acyp2;Rhbdf1;Npm1;Mgat1;Ltc4s;Rufy1;Nhp2;Rmnd5b;N4bp3;Sar1b;9530068E07Rik;Irf1;Slc22a21;Pdlim4;Atox1;Flcn;Rasd1;Top3a;Map2k3;Cenpv;Ubb;Mmgt2;Cox10;Arhgef15;Naa38;Tmem88;Plscr3;Ctdnep1;Phf23;Dvl2;Acadvl;Slc16a11;Slc16a13;Arrb2;Med11;Pld2;Pfn1;Eno3;Inca1;Kif1c;Tax1bp3;Ctns;Dhrs13;Traf4;Nek8;Rpl23a;Rab34;Proca1;Ccnq;Wsb1;Tmem98;Unc45b;Car4;Mks1;Scpep1;Nme2;Acsf2;Fam117a;Gngt2;Snx11;Pnpo;Sp6;Rpl23;Plxdc1;Arl5c;Rpl19;Stard3;Grb7;P3h4;Dhx58;Psmc3ip;Ramp2;Rpl27;Ifi35;Rnd2;Rdm1;Itga2b;Adam11;Higd1b;C1ql1;Limd2;Smarcd2;Fam20a;BC006965;Sox9;Rpl38;Kif19a;Btbd17;Cd300c2;Slc9a3r1;Nat9;Grin2c;Mif4gd;Unc13d;Trim65;Ubald2;Cygb;St6galnac2;Mfsd11;Syngr2;Socs3;Engase;Slc25a10;Arhgdia;Pcyt2;Notum;Rac3;Dcxr;Slc16a3;Cybc1;Metrnl;Lgals8;Tbce;Trim27;Ppp1r3g;Fars2;Ly86;Slc35b3;Dtnbp1;Gmpr;Ptpdc1;Ninj1;Susd3;Gadd45g;Sncb;Dok3;Fam193b;Ctla2a;Ctsl;Zfp58;Adamts16;Polr3g;Nsa2;Btf3;Marveld2;Srek1;Ppwd1;Gpx8;Hs1bp3;Ttc32;Ntsr2;Grhl1;Cys1;Rps7;Fam177a;Prpf39;Hspa2;Srsf5;Rbm25;Acot2;Acot1;Npc2;Ngb;Gstz1;Kcnk10;Evl;Begain;Ankrd9;Xrcc3;Atp5mpl;Aspg;Jag2;Nudt14;Crip2;Crip1;Tmem121;Rpl37;Rai14;Otulin;Cmbl;Rpl30;Rida;Polr2k;Spag1;Eif3h;Aard;Dennd3;Adgrb1;Ly6a;Ly6c1;Gsdmd;Naprt;Nrbp2;Oplah;Mroh1;Dgat1;Gpt;Commd5;Pvalb;Cyth4;Card10;Sh3bp1;Triobp;Rpl3;Chadl;Csdc2;Pmm1;Shisa8;Naga;Smdt1;Serhl;5031439G07Rik;Ttll8;Mapk12;Dbx2;Rapgef3;Slc48a1;Hdac7;Col2a1;Mettl7a1;Slc11a2;Bin2;Fignl2;Atg101;Krt1;Tns2;Npff;Nmral1;Rogdi;Nagpa;AU021092;Eef2kmt;Pmm2;Tekt5;Cebpd;Aifm3;P2rx6;Slc25a1;Prodh;Trmt2a;Comt;Rtp4;Atp13a4;Lrch3;Slc15a2;Nfkbiz;Impg2;Usp16;Olig2;Cbr3;Hmgn1;Rnaset2b;Rnaset2a;Mpc1;Sft2d1;Agpat4;Dll1;Zfp160;Zfp40;Paqr4;Amdhd2;Slc9a3r2;Noxo1;Gnptg;Gng13;Chtf18;Mcrip2;Nme4;Ggnbp1;Hmga1;Def6;Fgd2;Pim1;Pde9a;Cbs;Rasal3;Cyp4f17;Cyp4f16;Cyp4f15;Cd320;B3galt4;Rps18;H2-K2;Rxrb;Col11a2;H2-DMb1;Tap2;Ppt2;Fkbpl;C4a;Neu1;Aif1;Gtf2h4;Ier3;Mrps18b;H2-T23;H2-T22;Znrd1as;Slc29a1;Rsph9;Dlk2;Cnpy3;Tfeb;Foxp4;Trem2;Oard1;Daam2;Rftn1;Fsd1;Stap2;Plin3;Nrtn;Dennd1c;Trip10;Tgif1;Myl12b;Myom1;Galm;Ttc7;Bambi;Thoc1;Rock1;Lims2;Bin1;Kcnn2;Pggt1b;Cdo1;Sh3tc2;Adrb2;Malt1;Grp;Mc4r;Acaa2;Rpl17;Haus1;Mbp;Timm21;Tcirg1;Aldh3b1;Unc93b1;Acy3;Nudt8;Gstp1;Gstp2;Carns1;Rad9a;Clcf1;Ssh3;Ctsf;Snx32;Rnaseh2c;Rela;Sipa1;Ehbp1l1;Slc25a45;Tm7sf2;Snx15;Arl2;Ehd1;Map4k2;Ccdc88b;Slc3a2;Tmem179b;Uqcc3;Ccdc86;AW112010;Nmrk1;Fgfbp3;Pdlim1;Avpi1;Pyroxd2;Cutc;Fbxw4;Ldb1;Sfxn2;Pdcd4;Tcf7l2;Casp7;Afap1l2","Ttll4;Sh3bp4;Col6a3;Dnajc1;Arhgap21;Ralgps1;Frmd5;Cep250;Helz2;Flna;Med12;Phka2;Dennd4b;Ampd2;Ptprd;Podn;Szt2;Fryl;Grk3;Hip1;Ttyh3;Nup210;Ppp6r1;Shisa7;Ntrk3;Polg;Pde2a;Arhgap17;Arid3a;Slc25a42;Ripor1;Flnb;Wdfy2;Lrch1;Col12a1;Dzip1l;Vipr1;Sec14l2;P4ha2;Mllt6;Plekhm1;Zfyve26;Plec;Arhgap39;Myh9;Elfn2;Nckap5l;Golgb1;Srrm2;Caskin1;Ptk7;Lrfn2;Plekhh2;Tctn3","Cfap65;Mdm4;Nvl;Dhtkd1;Ganc;Ints6l;Gabpb2;Egf;Tet2;Odf2l;Pnisr;Arntl2;Zfp112;Ceacam1;Tex9;Elmo1;Adamts6;Atad2b;Prkdc;Spaca6;Mkx;Smc5","Lypla1;Tcea1;Sntg1;Mybl1;Prex2;Sulf1;Lactb2;Crispld1;Fam135a;Adgrb3;Arhgef4;Hs6st1;Creg2;Tgfbrap1;Gulp1;Slc40a1;Slc39a10;Myo1b;Gls;Stk17b;Mars2;Trak2;Bmpr2;Abi2;Pikfyve;Map2;Unc80;Zfp142;Sgpp2;Acsl3;Irs1;Agfg1;Pid1;Dgkd;Agap1;Ube2f;St8sia4;Cntnap5b;Serpinb8;Epb41l5;Ccdc93;Dpp10;Zranb3;Mapkapk2;Rassf5;Srgap2;Atp2b4;Syt2;Camsap2;Zfp281;Nek7;Zbtb41;Brinp3;Hmcn1;Rgl1;Lamc1;Cep350;Tnr;Rabgap1l;Zbtb37;Dnm3;Prrc2c;Sft2d2;Pou2f1;Kcnj10;Fmn2;Rgs7;Gpatch2;Slc30a1;Cd34;Cr1l;Frmd4a;Usp6nl;Pfkfb3;Stam;Slc39a12;Nebl;Otud1;Etl4;Gpr158;Nacc2;Rapgef1;Sptan1;Tbc1d13;Fam78a;Dnm1;Mapkap1;Ptgs1;Lypd6;Fmnl2;Galnt13;Gpd2;Acvr1c;Ly75;Tank;Ifih1;Ttc21b;Scn1a;Stk39;Ubr3;Itga6;Rapgef4;Osbpl6;Sestd1;Dnajc10;Itgav;Fam171b;Lrrc55;Ptprj;Lrp4;Ckap5;Lrrc4c;Ldlrad3;Fjx1;Slc1a2;Abtb2;Lgr4;Ano3;Rasgrp1;Plcb2;Vps18;Mga;Map1a;Sema6d;Secisbp2l;Galk2;Zc3h6;Ttl;Sirpa;Ptpra;Atrn;Rnf24;Adra1d;Gpcpd1;Plcb1;Macrod2;Snx5;Cd93;Srxn1;Acss2;Epb41l1;Samhd1;Ppp1r16b;Zhx3;Chd6;Serinc3;Elmo2;Prex1;Arfgef2;Znfx1;B4galt5;Cbln4;Ppp1r3d;Chrna4;Eef1a2;Pcmtd2;Shroom4;Clcn5;Kcnd1;Bcor;Rp2;Klhl13;Lonrf3;Lamp2;Gria3;Xiap;Dcaf12l1;Apln;Enox2;Rap2c;Phf6;Mospd1;Arhgef6;Mcf2;Slitrk4;Slitrk2;Ids;Gabra3;Atp2b3;Mpp1;Rab39b;Pls3;Dmd;Gk;Gpr165;Nlgn3;Taf1;Nhsl2;Zdhhc15;Atp7a;Itm2a;Sh3bgrl;Pou3f4;Klhl4;Diaph2;Rnf128;Chrdl1;Amot;Fam120c;Shroom2;Acot9;Rps6ka3;Sh3kbp1;Syap1;Gpm6b;Prps2;Zfhx4;Pkia;Cyp7b1;Nceh1;Tnfsf10;Mecom;Gnb4;Bbs7;Jade1;Pcdh10;Slc7a11;Nhlrc3;Frem2;Dclk1;P2ry13;P2ry12;Mbnl1;Arhgef26;Plch1;Kcnab1;Slitrk3;Bche;Pdcd10;Golim4;Glrb;Gucy1a1;Dclk2;Etv3;Kcnn3;She;Tpm3;Pip5k1a;Zfp697;Ptgfrn;Sike1;Cttnbp2nl;Slc16a4;Slc6a17;Ahcyl1;Slc25a24;Vav3;Extl2;Slc35a3;Agl;Snx7;Abcd3;Arhgap29;Bcar3;Pde5a;Synpo2;Ank2;Enpep;Elovl6;Ube2d3;Bank1;Ddit4l;Tspan5;Bmpr1b;Pdlim5;Gbp7;Syde2;Ctbs;Adgrl2;Adgrl4;Miga1;Sdcbp;Car8;Asph;2610301B20Rik;Mmp16;Ttpa;Pou3f2;Gpr63;Fut9;Casp8ap2;Ubap1;Gne;Frmpd1;Tdrd7;Coro2a;Gabbr2;Tgfbr1;Grin3a;Abca1;Slc44a1;Zfp462;Pakap;Ptbp3;Hsdl2;Snx30;Brinp1;Cdk5rap2;Mpdz;Zdhhc21;Ttc39b;Dennd4c;Mtap;Tek;Kank4;Raver2;Jak1;Pde4b;Plpp3;Usp24;Dhcr24;Nrd1;Pik3r3;Ptprf;Smap2;Cap1;Hpcal4;Macf1;Rragc;Grik3;Ago3;Zscan20;Sdc3;Tmem200b;Phactr4;Extl1;Man1c1;Luzp1;Ddi2;Lrrc38;Vps13d;Kif1b;Gpr157;Prdm16;Ski;Acap3;AW011738;Cdk14;Adam22;Abcb1a;Grm3;Sema3e;Hgf;Magi2;Kmt2c;Dpp6;Htr5a;Insig1;Lmbr1;Selenoi;Yes1;Rgs12;Sorcs2;Ccdc96;Tbc1d14;Hs3st1;Prom1;Lcorl;Tbc1d19;Pcdh7;Arap2;Wdr19;Apbb2;Limch1;Gabra4;Gabrb1;Slain2;Scfd2;Kdr;Adgrl3;Slc4a4;Adamts3;Shroom3;Ccng2;Cnot6l;Fras1;Hpse;Gbp9;Lrrc8b;Lrrc8c;Tgfbr3;Ccdc18;Cplx1;Kctd10;Mlec;Rab35;Abcb9;Atp6v0a2;Ubc;Tmem132b;Tmem132c;Tmem132d;Fzd10;Mmp17;Zfp11;Lrch4;Zfand2a;Fscn1;Daglb;Wasf3;Flt1;Slc7a1;Ubl3;Katnal1;Samd9l;Asns;Nxph1;Cav2;Kcnd2;Ptprz1;Ahcyl2;D630045J12Rik;Ccdc126;Gsdme;Tril;Herc6;Abcg2;Fam13a;Gng12;Immt;Tgoln1;Lrrtm4;Dctn1;Mob1a;Rab11fip5;Alms1;Slc6a6;Tmf1;Cntn4;Lrrn1;Itpr1;Tatdn2;Slc6a11;Slc6a1;Ift122;Plxnd1;Tmcc1;Lrtm2;Vamp1;Mansc1;Ptpro;Slco1c1;Recql;Abcc9;St8sia1;Stk38l;Ppfibp1;Dennd5b;Atp1a3;Pld3;Zfp507;Tshz3;Nup62;Ppfia3;Nomo1;Cyfip1;Tjp1;Chsy1;Mef2a;Synm;Chd2;Klhl25;Acan;Gdpgp1;Arnt2;Grm5;Rab30;Gab2;Aqp11;Capn5;Arrb1;Fam168a;Fchsd2;Rrm1;Apbb1;Gvin1;Wee1;Galnt18;Parva;Tead1;Arntl;Sox6;Pik3c2a;Xylt1;Ccp110;Prkcb;Xpo6;Orai3;Stx1b;Itgam;Tacc2;Plekha1;Acadsb;Dhx32;Dock1;Akap12;Syne1;Lats1;Ust;Sash1;Stxbp5;Utrn;Phactr2;Adgrg6;Arfgef3;Tnfaip3;Pde7b;L3mbtl3;Ptprk;Echdc1;Lama4;Fyn;Cd164;Nr2e1;Prep;Ascc3;Dcbld1;Slc35f1;Fam184a;Spock2;Chst3;Vps26a;Ctnna3;Lrrtm3;Ado;Zfp365;Fam13c;Ipmk;Lrrc3;Agpat3;Hcn2;Lingo3;Txnrd1;Chst11;Slc41a2;Nuak1;Rfx4;Gnptab;Chpt1;Mybpc1;Anks1b;Vezt;Plxnc1;Eea1;Kitl;Tmtc2;Ppp1r12a;Zfc3h1;Lgr5;Ptprb;Dyrk2;Rassf3;Agap2;Kif5a;Insr;Arhgef18;Evi5l;Erich1;Kbtbd11;Agpat5;Ank1;Adam9;Hgsnat;Zfp703;Prag1;Dlc1;Sgcz;Zdhhc2;Mtmr7;Slc7a2;Mtus1;Fat1;Fam149a;Tlr3;Snx25;Wwc2;Tenm3;Spcs3;Gpm6a;Mfap3l;Sh3rf1;Msmo1;Csgalnact1;Lzts1;Ncan;Nwd1;Mcm5;Rasd2;Nr3c2;Zfp791;Sall1;Gnao1;Nup93;Dok4;Mmp15;Slc38a7;Cdh11;Cdh5;Cmtm4;Pdp2;Tango6;Sntb2;Cmtr2;St3gal2;Cmip;Klhl36;Zfpm1;Kcnk1;Rbm34;Ptprg;Camk2g;Slmap;Il17rd;Ankrd28;Mmrn2;Bmpr1a;Tspan14;Fermt2;Exoc5;Mtmr6;Amer2;Tnfrsf19;Ctsb;Ptk2b;Bnip3l;Nefl;Hr;Gfra2;Rb1;Htr2a;Dgkh;Vwa8;Kbtbd7;Sugt1;Pcdh20;Kctd12;Cln5;Ednrb;Rbm26;Slitrk1;Gpc6;Mbnl2;Rap2a;Dock9;Dync2h1;Arhgap42;Ldlr;Rab3d;Eepd1;Igsf9b;Opcml;Arhgap32;Ets1;Srpr;Siae;Ubash3b;Sorl1;Arhgef12;Bace1;Ddx10;Acsbg1;Peak1;Lingo1;Sema7a;Neo1;Fem1b;Megf11;Aph1b;Rab8b;Tpm1;Vps13c;Adam10;Cgnl1;Filip1;Sh3bgrl2;Elovl4;Rasgrf1;Slc9a9;Rasa2;Spsb4;Mras;Nck1;Ppp2r3a;Slco2a1;Cdv3;Dnajc13;Dock3;Dag1;Map4;Cmtm6;Stt3b;Exog;Myrip;Ctnnb1;Trak1;Ccr5;Nefh;Ap1b1;Znrf3;Ykt6;Cobl;Egfr;Etaa1;Slc1a4;Lgalsl;Peli1;Otx1;Ehbp1;B3gnt2;Rel;Ccdc85a;Sptbn1;Gpr75;Pank3;Wwc1;Clint1;Adam19;Cyfip2;9930111J21Rik2;Flt4;Jade2;Sowaha;Acsl6;Rapgef6;Anxa6;Slc36a1;G3bp1;Mprip;Tom1l2;Smcr8;Epn2;Akap10;Hs3st3a1;Myh10;Mink1;Zzef1;Rap1gap2;Rtn4rl1;Slc43a2;Crk;Abr;Phf12;Flot2;2610507B11Rik;Slfn5;Mmp28;Usp32;Dhx40;Ppm1e;Dynll2;Msi2;Car10;Spag9;Tob1;Ankrd40;Lasp1;Nr1d1;Brca1;Itgb3;Taco1;Pecam1;Pitpnc1;Abca9;Kcnj2;Tmem104;Grb2;Rptor;Slc38a10;Idi1;Mtr;Gpr137b-ps;Gli3;Epdr1;Zscan12;Aldh5a1;Dusp22;Serpinb9;Slc22a23;Prpf4b;Gcnt2;Elovl2;Gfod1;Mylip;Cap2;Rnf144b;Ecm2;Hrh2;Fbxl21;Tut7;Ptch1;Zfp759;Adcy2;Tppp;Erap1;Cast;Ttc37;Lysmd3;Mef2c;Edil3;Hapln1;Zfyve16;Mtx3;Cmya5;Jmy;Arsb;Ap3b1;Polk;Hmgcr;Fam169a;Tnpo1;Zfp366;Ocln;Mast4;Pde4d;Mier3;Il6st;Itga1;Emb;Asxl2;Adcy3;Itsn2;Ubxn2a;Wdr35;Rock2;Odc1;Mboat2;Kidins220;Nampt;Ahr;Dgkb;Arl4a;Lrrn3;Nrcam;Stxbp6;Nubpl;Arhgap5;Sstr1;Clec14a;Mgat2;L2hgdh;Trim9;Arid4a;Lrrc9;Six4;Mpp5;Synj2bp;Ttc9;Rgs6;Dpf3;Dio2;Ston2;Flrt2;Ttc7b;Trip11;Slc24a4;Btbd7;Ppp4r4;Dicer1;Ppp1r13b;Inf2;Esyt2;Rapgef5;Itgb8;Tmem196;Rictor;Lifr;Egflam;Nadk2;Npr3;Cdh6;Ctnnd2;Sema5a;Vps13b;Rnf19a;Baalc;Fzd6;Csmd3;Trps1;Enpp2;Sqle;Efr3a;Zfp41;Syngr1;Pacsin2;Ppara;Pkdrej;Celsr1;Gramd4;Cerk;Abcd2;Slc2a13;Lrrk2;Cntn1;Prickle1;Nell2;Rpap3;Racgap1;Asic1;Slc4a8;Atf7;Cbx5;Abat;Clec16a;Snn;Snx29;Mrtfb;Fgd4;Rimbp3;Masp1;Ccdc50;Mb21d2;Ppp1r2;Dlg1;Tfrc;Osbpl11;Heg1;Kalrn;Hacd2;Dtx3l;Lsamp;Boc;Cblb;St3gal6;Cpox;Crybg3;Chmp2b;Gbe1;Nrip1;Usp25;Ncam2;Jam2;Tiam1;Ifnar1;Ifngr2;Itsn1;Morc3;Ets2;Synj2;Chd1;Zfp97;Zfp229;Zfp758;Zfp945;Tmem204;Uhrf1bp1;Tbc1d22b;Zfp799;Zfp870;Gabbr1;Adgrf5;Enpp4;Clic5;Nfya;Plcl2;Tbc1d5;Adgre1;Nudt12;Man2a1;Ptprm;Tmem200c;Epb41l3;Dlgap1;Myl12b;Lclat1;Ehd3;Strn;Gpatch11;Atl2;Dync2li1;Prepl;Rhoq;Kcnk12;Nrxn1;Mpp7;Aqp4;Cdh2;Garem1;Dtna;Pcdhb2;Pcdhb5;Pcdhb6;Pcdhb9;Pcdhb18;Pcdhb21;Pcdhgb6;Pcdhgb8;Pcdhgc5;Pcdh1;Arhgap26;Ppp2r2b;Ythdc2;Fem1c;Dmxl1;Prr16;Snx2;Megf10;Synpo;Onecut2;Zfp532;Spire1;Ldlrad4;Rab27b;Mapk4;Lipg;Pstpip2;Pard6g;Cbln2;Grk2;Ap5b1;Rtn3;Chrm1;Dagla;Gda;Cemip2;Trpm3;Ptar1;Apba1;Pip5k1b;Vldlr;Slc1a1;Cdc37l1;Jak2;Prkg1;Sgms1;Lipa;Ifit2;Hectd2;Exoc6;Sorbs1;Aldh18a1;Entpd1;Scd2;Scd1;Hif1an;Pprc1;Calhm2;Neurl1a;Sh3pxd2a;Slk;Sorcs3;Add3;Rbm20;Gpam;Acsl5;Ccdc186;Ablim1;Gfra1;Hspa12a;Cacul1;Grk5","Slc9a2;Sned1;Ddr2;Mrc1;Ptgds;Fbln7;Slc13a4;Fam180a;Adamts9;Slc6a13;Serpinh1;Igf2;Cnn2;Dcn;Lum;Nid2;Aldh1a2;Tbx18;Slc6a20a;Aebp1;Sphk1;Ogn;Ranbp3l;Emp2;Sncaip;Slc22a8","St18;Efhd1;Cdk18;Adamts4;Tmem63a;Prkcq;Pter;Pip4k2a;Apbb1ip;Ermn;Cobll1;Prr5l;Depdc7;Gatm;Mal;Nkx2-2;Trp53inp2;Slc2a10;Was;Ndp;Plxnb3;Plp1;Car2;Cldn11;Adamtsl4;Tspan2;Capza1;Gbp5;Slc6a9;Gltp;Gjc3;Gna12;Cav1;Tmem229a;Zc3hav1;Mag;Folh1;Prcp;Trim21;Olfml1;Insc;Gprc5b;Apobr;D7Ertd443e;Nkx6-2;Irf7;Ddo;Ascl1;Tmcc3;Arhgef10;Slc20a2;Rnf122;Gab1;Lpcat2;Fa2h;Plau;Dock5;Tmem123;Anln;Fli1;Phldb1;Larp6;Myo6;Pls1;Trf;Uba7;Efnb3;Xaf1;Aspa;Slc46a1;Rnf43;Arsg;Itgb4;Serpinb1a;Cd83;Kif13a;Syk;Srd5a1;Rsad2;Adi1;Npas3;Plekhh1;Dglucy;Pacs2;Ndrg1;Tst;Cdc42ep1;Galnt6;Litaf;Ehhadh;Parp9;Myh15;Olig1;Prr18;Sox8;Itpr3;Mog;Lbh;Rasgrp3;Qpct;Mcc;Slc14a1;Cdc42ep2;Rab3il1;Myrf;Fam111a;Mamdc2;Tjp2;Il33;Hhex;Opalin;As3mt","Col3a1;Igfbp5;Sp100;Gpc1;Gli2;Cfh;Soat1;Tagln2;Itih2;Ptges;Stom;Tfpi;Cd44;Sqor;Fbn1;Mavs;Thbd;Slc13a3;Lama5;Bgn;Dnase1l1;Col4a5;Anxa5;Shc1;S100a11;Car14;Notch2;Hmgcs2;Vangl1;Olfml3;Cd53;Csf1;Clcc1;Vcam1;Gbp2;Glipr2;Tmco4;Pdpn;Anxa3;Hspb8;Col1a2;Anxa4;Lrig1;Rassf4;A2m;Cd163;Tnfrsf1a;Mgp;Fcgrt;Emp3;Lrrk1;Anpep;Adamtsl3;Ctsc;Tsku;Trim30d;Adam12;Ifitm1;Ifitm3;Cd151;Arhgap18;Gm5424;Col18a1;Angpt2;Ppp1r3b;Hmox1;Adcy7;Stab1;Bmp4;Ang;Mmp14;Gjb6;Lacc1;Pdgfd;Icam1;Stra6;Uaca;Anxa2;Cd109;Ctsh;Rbp1;Lamb2;Efemp1;Serpinf1;Nxn;Lgals9;Col1a1;Erbb2;Fkbp10;Cavin1;Lgals3bp;Nid1;Ripk1;F13a1;Aspn;Gas1;Slc12a7;F2r;Lamb1;Dab2;Cpq;Lgals1;Apobec3;Plxnb2;Apod;Tapbp;Tap1;C2;Clic1;H2-D1;Ppic;Pdgfrb;Plcb3;Gcnt1;Anxa1;Myof","Il1r1;Itm2c;Inpp5d;Ugt1a6a;Pm20d1;Fcgr2b;Fcgr3;Sardh;Cybrd1;Ism1;Btk;Ctss;Otud7b;Etnppl;Sgms2;Kyat3;Cyp2j6;Cyp2j9;Pgm1;Cpt2;Mfsd2a;Laptm5;Rps6ka1;Fuca1;C1qb;C1qc;Man2b2;Tmem119;Acacb;Hvcn1;Slc15a4;Ncf1;Gal3st4;Pon2;Aass;Tmem176b;Zfand4;C3ar1;Lair1;Bcam;Kcnk6;Kirrel2;Cebpa;Cd33;Dhdh;Siglech;Rgma;Slco2b1;Ucp3;Ucp2;Il4ra;Armc5;Itgb2;Trpm2;Adgre5;Phkb;Cmtm3;Slc12a4;Wwp2;Plcg2;Anxa11;Dhrs1;Stc1;Lgi3;Gpr183;Hepacam;Nxpe4;Prss35;Ccr1;Havcr2;Galnt10;Trim16;Pik3r5;Aldoc;Grn;Nmt1;Abca6;Caskin2;Hexb;Hbp1;Pygl;Selenop;Csf2rb;Cyp2d22;Parvb;Mlc1;Fmnl3;Nckap1l;Nde1;Nrros;Itgb5;Fkbp5;Ticam1;Vav1;Arap3;Csf1r;Slc15a3;Mpeg1;Lpxn;Blnk","Paqr8;Cavin2;Slc41a1;Ptprc;Arhgap30;Itih5;Tor4a;Abca2;Rxra;Lrrc8a;Ccdc141;Itprid2;Pygb;Bcl2l1;Chst7;Il13ra1;Msn;Heph;Kctd12b;Tlr7;Fgf2;Wwtr1;Etfdh;Mindy1;Usp53;Cth;Acot11;Wasf2;Arhgef10l;Crot;Gabrg1;Pdgfra;Aff1;Sparcl1;Trim56;Lfng;Calu;Dennd2a;Arhgef5;Eva1a;Hk2;Sfxn5;Suclg2;Edem1;Vwf;Itpr2;Axl;Fzd4;Htra1;Nhsl1;Ifngr1;Lama2;Gja1;Lims1;Slc29a3;Pdxk;Timp3;Fgd6;Gns;Rbms2;Fgfr1;Cyp4v3;Adgrg1;Itgb1;Zcchc24;Galnt15;Slc39a14;Endod1;Vwa5a;Myo1e;Plxnb1;Tns3;Tbc1d9b;Srebf1;Ntn1;Atp1b2;Wdr81;Trim25;Fzd2;Acox1;Net1;Vcan;Efr3b;Mthfd1;Aldh6a1;Osmr;Slc1a3;Myo10;Tnfrsf11b;Irak4;Slc38a2;Lpp;Il1rap;B3galt5;Ift140;Notch3;Xdh;Epas1;Psd2;Cpt1a;Lrp5;Dock8;Ppp1r3c"
